tmt1,tmt2,var,mean1,mean2,pop.sd,std.eff.sz,p,ks,ks.pval,stop.method
0,1,pre_citCount,1.6245,1.6255,0.5503,0.0018,0.9518,0.0188,0.899,unw
0,1,firstyear:1980,0.0074,0.0021,0.0469,0.1133,8e-04,0.0053,8e-04,unw
0,1,firstyear:1981,0.0046,0.0029,0.0512,0.0343,NA,0.0018,NA,unw
0,1,firstyear:1982,0.012,0.0044,0.0589,0.1281,NA,0.0075,NA,unw
0,1,firstyear:1983,0.0055,0.0043,0.0546,0.0229,NA,0.0013,NA,unw
0,1,firstyear:1984,0.0166,0.0103,0.0865,0.0728,NA,0.0063,NA,unw
0,1,firstyear:1985,0.0498,0.0364,0.1644,0.0811,NA,0.0133,NA,unw
0,1,firstyear:1986,0.0369,0.0347,0.1629,0.0133,NA,0.0022,NA,unw
0,1,firstyear:1987,0.0341,0.0417,0.1735,0.0437,NA,0.0076,NA,unw
0,1,firstyear:1988,0.0452,0.0372,0.1738,0.0456,NA,0.0079,NA,unw
0,1,firstyear:1989,0.0544,0.045,0.1916,0.0489,NA,0.0094,NA,unw
0,1,firstyear:1990,0.0488,0.0493,0.1918,0.0022,NA,4e-04,NA,unw
0,1,firstyear:1991,0.0507,0.0474,0.1956,0.0169,NA,0.0033,NA,unw
0,1,firstyear:1992,0.0562,0.0597,0.2216,0.0159,NA,0.0035,NA,unw
0,1,firstyear:1993,0.0525,0.0586,0.2299,0.0265,NA,0.0061,NA,unw
0,1,firstyear:1994,0.0654,0.0574,0.2246,0.036,NA,0.0081,NA,unw
0,1,firstyear:1995,0.0636,0.052,0.2255,0.0515,NA,0.0116,NA,unw
0,1,firstyear:1996,0.0488,0.0458,0.2144,0.0142,NA,0.0031,NA,unw
0,1,firstyear:1997,0.0415,0.0494,0.2263,0.0352,NA,0.008,NA,unw
0,1,firstyear:1998,0.0488,0.0447,0.2159,0.0193,NA,0.0042,NA,unw
0,1,firstyear:1999,0.0406,0.0488,0.2208,0.0374,NA,0.0083,NA,unw
0,1,firstyear:2000,0.0341,0.0445,0.2161,0.0482,NA,0.0104,NA,unw
0,1,firstyear:2001,0.0313,0.0442,0.214,0.0602,NA,0.0129,NA,unw
0,1,firstyear:2002,0.0332,0.0361,0.198,0.0149,NA,0.0029,NA,unw
0,1,firstyear:2003,0.0323,0.0326,0.1923,0.002,NA,4e-04,NA,unw
0,1,firstyear:2004,0.0166,0.0295,0.1848,0.0697,NA,0.0129,NA,unw
0,1,firstyear:2005,0.0203,0.0247,0.1737,0.0256,NA,0.0044,NA,unw
0,1,firstyear:2006,0.0184,0.0176,0.159,0.0053,NA,8e-04,NA,unw
0,1,firstyear:2007,0.0083,0.0174,0.1486,0.0615,NA,0.0091,NA,unw
0,1,firstyear:2008,0.0138,0.0092,0.1305,0.0355,NA,0.0046,NA,unw
0,1,firstyear:2009,0.0074,0.007,0.108,0.0037,NA,4e-04,NA,unw
0,1,firstyear:2010,0,0.0033,0.0742,0.0448,NA,0.0033,NA,unw
0,1,firstyear:2011,9e-04,0.0013,0.0546,0.0063,NA,3e-04,NA,unw
0,1,firstyear:2012,0,5e-04,0.0253,0.0188,NA,5e-04,NA,unw
0,1,Genre_0,9e-04,3e-04,0.0206,0.0293,0.5236,6e-04,1,unw
0,1,Genre_1,0.0442,0.0279,0.1557,0.105,0.0129,0.0164,0.9655,unw
0,1,Genre_2,0.0488,0.0605,0.2743,0.0426,0.1048,0.0117,0.9996,unw
0,1,Genre_3,0.0129,0.0081,0.175,0.0276,0.1813,0.0048,1,unw
0,1,Genre_4,0.129,0.116,0.3022,0.0432,0.2335,0.013,0.9975,unw
0,1,Genre_5,0.0037,0.004,0.0526,0.0052,0.8909,3e-04,1,unw
0,1,Genre_6,0.0184,0.013,0.096,0.0566,0.2086,0.0054,1,unw
0,1,Genre_7,0.0387,0.0303,0.2337,0.0361,0.1761,0.0084,1,unw
0,1,Genre_8,0.0378,0.0255,0.2316,0.053,0.0449,0.0123,0.999,unw
0,1,Genre_9,0.0313,0.0203,0.1833,0.0603,0.0476,0.0111,0.9999,unw
0,1,Genre_10,0.024,0.0162,0.1715,0.0455,0.1119,0.0078,1,unw
0,1,Genre_11,0.0203,0.0261,0.2345,0.025,0.2145,0.0059,1,unw
0,1,Genre_12,0,0,NA,NA,NA,0,1,unw
0,1,Genre_13,0.0055,0.0114,0.1791,0.0328,0.0248,0.0059,1,unw
0,1,Genre_14,0.0194,0.0176,0.1656,0.0107,0.6945,0.0018,1,unw
0,1,Genre_15,0.0415,0.0396,0.2541,0.0073,0.7757,0.0019,1,unw
0,1,Genre_16,9e-04,0.004,0.077,0.0395,0.0123,0.003,1,unw
0,1,Genre_17,0.0147,0.0182,0.2256,0.0154,0.3883,0.0035,1,unw
0,1,Genre_18,0,0.001,0.0253,0.0376,0.0143,0.001,1,unw
0,1,Genre_19,0.0415,0.0073,0.0985,0.3469,0,0.0342,0.2294,unw
0,1,Genre_20,0.0553,0.0338,0.1562,0.138,0.0032,0.0215,0.7832,unw
0,1,Genre_21,0.0664,0.046,0.2277,0.0896,0.0108,0.0204,0.8354,unw
0,1,Genre_22,0.0295,0.0269,0.1334,0.0192,0.6437,0.0026,1,unw
0,1,Genre_23,0.0424,0.0377,0.1844,0.0254,0.4759,0.0047,1,unw
0,1,Genre_24,0.0092,0.0054,0.0641,0.0598,0.2085,0.0038,1,unw
0,1,Genre_25,0.0203,0.0252,0.1224,0.0402,0.2967,0.0049,1,unw
0,1,Genre_26,9e-04,2e-04,0.0146,0.0523,0.4143,8e-04,1,unw
0,1,Genre_27,9e-04,0.0022,0.0421,0.0308,0.2365,0.0013,1,unw
0,1,Genre_28,0.0479,0.0141,0.1229,0.2751,0,0.0338,0.24,unw
0,1,Genre_29,0.1502,0.0751,0.2887,0.2602,0,0.0751,1e-04,unw
0,1,Genre_30,0.0055,0.0038,0.0469,0.0368,0.4683,0.0017,1,unw
0,1,Genre_31,0.0055,0.003,0.0476,0.0529,0.2847,0.0025,1,unw
0,1,Genre_32,0.0037,0.0049,0.0571,0.0215,0.548,0.0012,1,unw
0,1,Genre_33,0.0074,0.006,0.0607,0.0223,0.626,0.0014,1,unw
0,1,Genre_34,0.071,0.033,0.1509,0.2519,0,0.038,0.1378,unw
0,1,Genre_35,0.0083,0.0041,0.0589,0.0709,0.1457,0.0042,1,unw
0,1,Genre_36,0.1521,0.0299,0.1826,0.6688,0,0.1221,0,unw
0,1,Genre_37,0.1318,0.171,0.3073,0.1275,5e-04,0.0392,0.1166,unw
0,1,Genre_38,0.0092,0.0296,0.1292,0.158,0,0.0204,0.8351,unw
0,1,Genre_39,0.0323,0.0426,0.1606,0.0645,0.0808,0.0104,1,unw
0,1,Genre_40,0.0415,0.0892,0.2332,0.2047,0,0.0477,0.0294,unw
0,1,Genre_41,0.0065,0.0125,0.0904,0.0671,0.0306,0.0061,1,unw
0,1,Genre_42,0.0101,0.0193,0.1024,0.0898,0.0087,0.0092,1,unw
0,1,Genre_43,0.0267,0.0215,0.1207,0.0429,0.3219,0.0052,1,unw
0,1,Genre_44,0.0793,0.1111,0.2504,0.127,5e-04,0.0318,0.3059,unw
0,1,Genre_45,0.1032,0.1518,0.3338,0.1455,0,0.0486,0.0253,unw
0,1,Genre_46,0.0369,0.0648,0.2232,0.1252,0,0.0279,0.4651,unw
0,1,Genre_47,0.0756,0.1005,0.284,0.0876,0.0051,0.0249,0.6152,unw
0,1,Genre_48,0.0691,0.0778,0.2737,0.0317,0.3021,0.0087,1,unw
0,1,Genre_49,0.059,0.0921,0.3082,0.1073,0,0.0331,0.2632,unw
0,1,Genre_50,0.0276,0.033,0.164,0.0324,0.3311,0.0053,1,unw
0,1,Genre_51,0.012,0.0195,0.1127,0.0666,0.0444,0.0075,1,unw
0,1,Genre_52,0.0848,0.1155,0.2813,0.1092,0.001,0.0307,0.3466,unw
0,1,Genre_53,0.0267,0.0364,0.1684,0.0577,0.0739,0.0097,1,unw
0,1,Genre_54,0.0267,0.0377,0.1472,0.0746,0.044,0.011,0.9999,unw
0,1,Genre_55,0.0369,0.0445,0.1631,0.0469,0.2229,0.0077,1,unw
0,1,Genre_56,0.0046,0.0068,0.063,0.035,0.3382,0.0022,1,unw
0,1,Genre_57,0.0028,0.0043,0.0484,0.0313,0.3988,0.0015,1,unw
0,1,Genre_58,0.0092,0.0114,0.1027,0.0213,0.4926,0.0022,1,unw
0,1,Genre_59,0.0175,0.0163,0.1111,0.0107,0.7813,0.0012,1,unw
0,1,Genre_60,0.0055,0.0022,0.0752,0.044,0.1549,0.0033,1,unw
0,1,Genre_61,9e-04,0.0024,0.0377,0.0386,0.1886,0.0015,1,unw
0,1,Genre_62,9e-04,0.0019,0.0315,0.0311,0.3608,0.001,1,unw
0,1,Genre_63,0,2e-04,0.0084,0.0188,0.3173,2e-04,1,unw
0,1,Genre_64,0.0046,3e-04,0.0253,0.1697,0.038,0.0043,1,unw
0,1,Genre_65,0.0074,0.0055,0.0992,0.0184,0.508,0.0018,1,unw
0,1,Genre_66,0.0037,0.0019,0.0429,0.0416,0.3525,0.0018,1,unw
0,1,Genre_67,0.0028,0.0054,0.0881,0.0298,0.1544,0.0026,1,unw
0,1,Genre_68,0.0074,0.0076,0.1477,0.0016,0.9343,2e-04,1,unw
0,1,Genre_69,9e-04,2e-04,0.0119,0.064,0.4143,8e-04,1,unw
0,2,pre_citCount,1.6245,1.8563,0.5503,0.4214,0,0.1712,0,unw
0,2,firstyear:1980,0.0074,0.002,0.0469,0.1142,0,0.0054,0,unw
0,2,firstyear:1981,0.0046,0.0027,0.0512,0.0375,NA,0.0019,NA,unw
0,2,firstyear:1982,0.012,0.0011,0.0589,0.1844,NA,0.0109,NA,unw
0,2,firstyear:1983,0.0055,0.0011,0.0546,0.0808,NA,0.0044,NA,unw
0,2,firstyear:1984,0.0166,0.0038,0.0865,0.1478,NA,0.0128,NA,unw
0,2,firstyear:1985,0.0498,0.0186,0.1644,0.1896,NA,0.0312,NA,unw
0,2,firstyear:1986,0.0369,0.0204,0.1629,0.1011,NA,0.0165,NA,unw
0,2,firstyear:1987,0.0341,0.0202,0.1735,0.0803,NA,0.0139,NA,unw
0,2,firstyear:1988,0.0452,0.026,0.1738,0.1102,NA,0.0192,NA,unw
0,2,firstyear:1989,0.0544,0.0314,0.1916,0.1201,NA,0.023,NA,unw
0,2,firstyear:1990,0.0488,0.0271,0.1918,0.1133,NA,0.0217,NA,unw
0,2,firstyear:1991,0.0507,0.0345,0.1956,0.0827,NA,0.0162,NA,unw
0,2,firstyear:1992,0.0562,0.0475,0.2216,0.0393,NA,0.0087,NA,unw
0,2,firstyear:1993,0.0525,0.058,0.2299,0.024,NA,0.0055,NA,unw
0,2,firstyear:1994,0.0654,0.05,0.2246,0.0688,NA,0.0155,NA,unw
0,2,firstyear:1995,0.0636,0.0576,0.2255,0.0266,NA,0.006,NA,unw
0,2,firstyear:1996,0.0488,0.0551,0.2144,0.0293,NA,0.0063,NA,unw
0,2,firstyear:1997,0.0415,0.0596,0.2263,0.0802,NA,0.0181,NA,unw
0,2,firstyear:1998,0.0488,0.0511,0.2159,0.0104,NA,0.0023,NA,unw
0,2,firstyear:1999,0.0406,0.0527,0.2208,0.0549,NA,0.0121,NA,unw
0,2,firstyear:2000,0.0341,0.0509,0.2161,0.0776,NA,0.0168,NA,unw
0,2,firstyear:2001,0.0313,0.0536,0.214,0.1039,NA,0.0222,NA,unw
0,2,firstyear:2002,0.0332,0.0426,0.198,0.0475,NA,0.0094,NA,unw
0,2,firstyear:2003,0.0323,0.043,0.1923,0.056,NA,0.0108,NA,unw
0,2,firstyear:2004,0.0166,0.0401,0.1848,0.1273,NA,0.0235,NA,unw
0,2,firstyear:2005,0.0203,0.0359,0.1737,0.0897,NA,0.0156,NA,unw
0,2,firstyear:2006,0.0184,0.03,0.159,0.073,NA,0.0116,NA,unw
0,2,firstyear:2007,0.0083,0.0289,0.1486,0.1387,NA,0.0206,NA,unw
0,2,firstyear:2008,0.0138,0.0233,0.1305,0.0726,NA,0.0095,NA,unw
0,2,firstyear:2009,0.0074,0.0173,0.108,0.0915,NA,0.0099,NA,unw
0,2,firstyear:2010,0,0.0083,0.0742,0.1117,NA,0.0083,NA,unw
0,2,firstyear:2011,9e-04,0.0047,0.0546,0.0694,NA,0.0038,NA,unw
0,2,firstyear:2012,0,9e-04,0.0253,0.0355,NA,9e-04,NA,unw
0,2,Genre_0,9e-04,7e-04,0.0206,0.0121,0.8031,2e-04,1,unw
0,2,Genre_1,0.0442,0.0202,0.1557,0.1545,3e-04,0.0241,0.6927,unw
0,2,Genre_2,0.0488,0.1134,0.2743,0.2354,0,0.0646,0.0014,unw
0,2,Genre_3,0.0129,0.0737,0.175,0.3476,0,0.0608,0.0031,unw
0,2,Genre_4,0.129,0.0762,0.3022,0.1749,0,0.0528,0.0153,unw
0,2,Genre_5,0.0037,0.0011,0.0526,0.0488,0.1785,0.0026,1,unw
0,2,Genre_6,0.0184,0.004,0.096,0.1499,6e-04,0.0144,0.9936,unw
0,2,Genre_7,0.0387,0.1033,0.2337,0.2764,0,0.0646,0.0014,unw
0,2,Genre_8,0.0378,0.1089,0.2316,0.3072,0,0.0711,3e-04,unw
0,2,Genre_9,0.0313,0.0607,0.1833,0.1604,0,0.0294,0.4376,unw
0,2,Genre_10,0.024,0.0536,0.1715,0.1726,0,0.0296,0.4289,unw
0,2,Genre_11,0.0203,0.1143,0.2345,0.4009,0,0.094,0,unw
0,2,Genre_12,0,0,NA,NA,NA,0,1,unw
0,2,Genre_13,0.0055,0.0744,0.1791,0.3845,0,0.0689,5e-04,unw
0,2,Genre_14,0.0194,0.045,0.1656,0.1552,0,0.0257,0.612,unw
0,2,Genre_15,0.0415,0.1179,0.2541,0.3007,0,0.0764,1e-04,unw
0,2,Genre_16,9e-04,0.0087,0.077,0.1015,0,0.0078,1,unw
0,2,Genre_17,0.0147,0.1147,0.2256,0.4432,0,0.1,0,unw
0,2,Genre_18,0,4e-04,0.0253,0.0177,0.1573,4e-04,1,unw
0,2,Genre_19,0.0415,0.0092,0.0985,0.3276,0,0.0323,0.3228,unw
0,2,Genre_20,0.0553,0.0134,0.1562,0.268,0,0.0419,0.094,unw
0,2,Genre_21,0.0664,0.0659,0.2277,0.0021,0.9555,5e-04,1,unw
0,2,Genre_22,0.0295,0.0087,0.1334,0.1556,1e-04,0.0208,0.8465,unw
0,2,Genre_23,0.0424,0.0403,0.1844,0.0111,0.7621,0.0021,1,unw
0,2,Genre_24,0.0092,0.0018,0.0641,0.1159,0.0125,0.0074,1,unw
0,2,Genre_25,0.0203,0.0052,0.1224,0.1236,6e-04,0.0151,0.9884,unw
0,2,Genre_26,9e-04,2e-04,0.0146,0.0478,0.462,7e-04,1,unw
0,2,Genre_27,9e-04,0.0016,0.0421,0.0154,0.5547,6e-04,1,unw
0,2,Genre_28,0.0479,0.0137,0.1229,0.2786,0,0.0343,0.2574,unw
0,2,Genre_29,0.1502,0.1127,0.2887,0.1299,0.0015,0.0375,0.1717,unw
0,2,Genre_30,0.0055,2e-04,0.0469,0.1132,0.0191,0.0053,1,unw
0,2,Genre_31,0.0055,9e-04,0.0476,0.0973,0.0436,0.0046,1,unw
0,2,Genre_32,0.0037,0.002,0.0571,0.0292,0.3941,0.0017,1,unw
0,2,Genre_33,0.0074,4e-04,0.0607,0.1141,0.0082,0.0069,1,unw
0,2,Genre_34,0.071,0.0087,0.1509,0.4124,0,0.0622,0.0023,unw
0,2,Genre_35,0.0083,0.0025,0.0589,0.099,0.041,0.0058,1,unw
0,2,Genre_36,0.1521,0.0289,0.1826,0.6745,0,0.1232,0,unw
0,2,Genre_37,0.1318,0.0323,0.3073,0.3238,0,0.0995,0,unw
0,2,Genre_38,0.0092,0.0038,0.1292,0.0418,0.0758,0.0054,1,unw
0,2,Genre_39,0.0323,0.0056,0.1606,0.1659,0,0.0267,0.5647,unw
0,2,Genre_40,0.0415,0.0251,0.2332,0.0702,0.0117,0.0164,0.9734,unw
0,2,Genre_41,0.0065,0.0031,0.0904,0.0367,0.1975,0.0033,1,unw
0,2,Genre_42,0.0101,0.0025,0.1024,0.075,0.0143,0.0077,1,unw
0,2,Genre_43,0.0267,0.0065,0.1207,0.1676,1e-04,0.0202,0.8674,unw
0,2,Genre_44,0.0793,0.0193,0.2504,0.2396,0,0.06,0.0037,unw
0,2,Genre_45,0.1032,0.0814,0.3338,0.0655,0.0304,0.0219,0.7979,unw
0,2,Genre_46,0.0369,0.0347,0.2232,0.0095,0.7372,0.0021,1,unw
0,2,Genre_47,0.0756,0.0652,0.284,0.0365,0.2411,0.0104,1,unw
0,2,Genre_48,0.0691,0.0789,0.2737,0.0357,0.2615,0.0098,1,unw
0,2,Genre_49,0.059,0.0919,0.3082,0.1068,1e-04,0.0329,0.3013,unw
0,2,Genre_50,0.0276,0.0204,0.164,0.0443,0.1799,0.0073,1,unw
0,2,Genre_51,0.012,0.0054,0.1127,0.0586,0.0578,0.0066,1,unw
0,2,Genre_52,0.0848,0.0455,0.2813,0.1397,0,0.0393,0.135,unw
0,2,Genre_53,0.0267,0.0193,0.1684,0.0443,0.1606,0.0075,1,unw
0,2,Genre_54,0.0267,0.0045,0.1472,0.1511,0,0.0222,0.7808,unw
0,2,Genre_55,0.0369,0.011,0.1631,0.1587,0,0.0259,0.6025,unw
0,2,Genre_56,0.0046,0.0011,0.063,0.0554,0.0994,0.0035,1,unw
0,2,Genre_57,0.0028,4e-04,0.0484,0.0479,0.1541,0.0023,1,unw
0,2,Genre_58,0.0092,0.0094,0.1027,0.0019,0.9517,2e-04,1,unw
0,2,Genre_59,0.0175,0.0076,0.1111,0.089,0.0183,0.0099,1,unw
0,2,Genre_60,0.0055,0.0114,0.0752,0.0785,0.0324,0.0059,1,unw
0,2,Genre_61,9e-04,2e-04,0.0377,0.0185,0.462,7e-04,1,unw
0,2,Genre_62,9e-04,2e-04,0.0315,0.0221,0.462,7e-04,1,unw
0,2,Genre_63,0,0,0.0084,0,NA,0,1,unw
0,2,Genre_64,0.0046,2e-04,0.0253,0.1734,0.0341,0.0044,1,unw
0,2,Genre_65,0.0074,0.0168,0.0992,0.0951,0.0035,0.0094,1,unw
0,2,Genre_66,0.0037,4e-04,0.0429,0.0754,0.0829,0.0032,1,unw
0,2,Genre_67,0.0028,0.0132,0.0881,0.1187,0,0.0105,1,unw
0,2,Genre_68,0.0074,0.0462,0.1477,0.2626,0,0.0388,0.1445,unw
0,2,Genre_69,9e-04,0,0.0119,0.0773,0.3172,9e-04,1,unw
0,3,pre_citCount,1.6245,1.903,0.5503,0.5061,0,0.2149,0,unw
0,3,firstyear:1980,0.0074,5e-04,0.0469,0.1476,0,0.0069,0,unw
0,3,firstyear:1981,0.0046,9e-04,0.0512,0.0723,NA,0.0037,NA,unw
0,3,firstyear:1982,0.012,0.0014,0.0589,0.1804,NA,0.0106,NA,unw
0,3,firstyear:1983,0.0055,0.0018,0.0546,0.0683,NA,0.0037,NA,unw
0,3,firstyear:1984,0.0166,0.0027,0.0865,0.1605,NA,0.0139,NA,unw
0,3,firstyear:1985,0.0498,0.0108,0.1644,0.2369,NA,0.0389,NA,unw
0,3,firstyear:1986,0.0369,0.0154,0.1629,0.132,NA,0.0215,NA,unw
0,3,firstyear:1987,0.0341,0.0212,0.1735,0.0742,NA,0.0129,NA,unw
0,3,firstyear:1988,0.0452,0.0176,0.1738,0.1584,NA,0.0275,NA,unw
0,3,firstyear:1989,0.0544,0.0244,0.1916,0.1565,NA,0.03,NA,unw
0,3,firstyear:1990,0.0488,0.0239,0.1918,0.1299,NA,0.0249,NA,unw
0,3,firstyear:1991,0.0507,0.0239,0.1956,0.1367,NA,0.0268,NA,unw
0,3,firstyear:1992,0.0562,0.0357,0.2216,0.0927,NA,0.0205,NA,unw
0,3,firstyear:1993,0.0525,0.0461,0.2299,0.0281,NA,0.0065,NA,unw
0,3,firstyear:1994,0.0654,0.0425,0.2246,0.1023,NA,0.023,NA,unw
0,3,firstyear:1995,0.0636,0.0461,0.2255,0.0777,NA,0.0175,NA,unw
0,3,firstyear:1996,0.0488,0.0416,0.2144,0.034,NA,0.0073,NA,unw
0,3,firstyear:1997,0.0415,0.0628,0.2263,0.0942,NA,0.0213,NA,unw
0,3,firstyear:1998,0.0488,0.0574,0.2159,0.0394,NA,0.0085,NA,unw
0,3,firstyear:1999,0.0406,0.0614,0.2208,0.0946,NA,0.0209,NA,unw
0,3,firstyear:2000,0.0341,0.0659,0.2161,0.1474,NA,0.0318,NA,unw
0,3,firstyear:2001,0.0313,0.0565,0.214,0.1174,NA,0.0251,NA,unw
0,3,firstyear:2002,0.0332,0.0547,0.198,0.1085,NA,0.0215,NA,unw
0,3,firstyear:2003,0.0323,0.0488,0.1923,0.0859,NA,0.0165,NA,unw
0,3,firstyear:2004,0.0166,0.0519,0.1848,0.1913,NA,0.0354,NA,unw
0,3,firstyear:2005,0.0203,0.0452,0.1737,0.1433,NA,0.0249,NA,unw
0,3,firstyear:2006,0.0184,0.0452,0.159,0.1682,NA,0.0267,NA,unw
0,3,firstyear:2007,0.0083,0.0316,0.1486,0.1569,NA,0.0233,NA,unw
0,3,firstyear:2008,0.0138,0.0303,0.1305,0.1259,NA,0.0164,NA,unw
0,3,firstyear:2009,0.0074,0.0167,0.108,0.0865,NA,0.0093,NA,unw
0,3,firstyear:2010,0,0.009,0.0742,0.1217,NA,0.009,NA,unw
0,3,firstyear:2011,9e-04,0.0054,0.0546,0.0825,NA,0.0045,NA,unw
0,3,firstyear:2012,0,9e-04,0.0253,0.0357,NA,9e-04,NA,unw
0,3,Genre_0,9e-04,0,0.0206,0.0446,0.3172,9e-04,1,unw
0,3,Genre_1,0.0442,0.0163,0.1557,0.1797,0,0.028,0.6187,unw
0,3,Genre_2,0.0488,0.0958,0.2743,0.171,0,0.0469,0.0812,unw
0,3,Genre_3,0.0129,0.023,0.175,0.0579,0.0305,0.0101,1,unw
0,3,Genre_4,0.129,0.0985,0.3022,0.1012,0.0108,0.0306,0.5043,unw
0,3,Genre_5,0.0037,0.0023,0.0526,0.0272,0.4962,0.0014,1,unw
0,3,Genre_6,0.0184,0.005,0.096,0.1402,0.002,0.0135,0.9994,unw
0,3,Genre_7,0.0387,0.0551,0.2337,0.0701,0.0312,0.0164,0.9896,unw
0,3,Genre_8,0.0378,0.0506,0.2316,0.0553,0.0851,0.0128,0.9998,unw
0,3,Genre_9,0.0313,0.0257,0.1833,0.0305,0.3726,0.0056,1,unw
0,3,Genre_10,0.024,0.0271,0.1715,0.0183,0.5877,0.0031,1,unw
0,3,Genre_11,0.0203,0.0565,0.2345,0.1543,0,0.0362,0.2962,unw
0,3,Genre_12,0,0,NA,NA,NA,0,1,unw
0,3,Genre_13,0.0055,0.0257,0.1791,0.1129,0,0.0202,0.9273,unw
0,3,Genre_14,0.0194,0.0289,0.1656,0.0577,0.0822,0.0096,1,unw
0,3,Genre_15,0.0415,0.07,0.2541,0.1123,5e-04,0.0285,0.5937,unw
0,3,Genre_16,9e-04,0.0086,0.077,0.0994,4e-04,0.0077,1,unw
0,3,Genre_17,0.0147,0.0515,0.2256,0.1629,0,0.0367,0.2792,unw
0,3,Genre_18,0,5e-04,0.0253,0.0179,0.3173,5e-04,1,unw
0,3,Genre_19,0.0415,0.0027,0.0985,0.3934,0,0.0388,0.2239,unw
0,3,Genre_20,0.0553,0.0086,0.1562,0.2991,0,0.0467,0.0833,unw
0,3,Genre_21,0.0664,0.0524,0.2277,0.0613,0.1175,0.014,0.9989,unw
0,3,Genre_22,0.0295,0.0063,0.1334,0.1737,0,0.0232,0.8292,unw
0,3,Genre_23,0.0424,0.0145,0.1844,0.1515,0,0.0279,0.6204,unw
0,3,Genre_24,0.0092,0.0027,0.0641,0.1016,0.0362,0.0065,1,unw
0,3,Genre_25,0.0203,0.0045,0.1224,0.1288,5e-04,0.0158,0.9936,unw
0,3,Genre_26,9e-04,0,0.0146,0.0631,0.3172,9e-04,1,unw
0,3,Genre_27,9e-04,0.0014,0.0421,0.0103,0.7199,4e-04,1,unw
0,3,Genre_28,0.0479,0.0063,0.1229,0.3384,0,0.0416,0.1607,unw
0,3,Genre_29,0.1502,0.0682,0.2887,0.2842,0,0.082,1e-04,unw
0,3,Genre_30,0.0055,0,0.0469,0.1179,0.0141,0.0055,1,unw
0,3,Genre_31,0.0055,0.0014,0.0476,0.0876,0.0799,0.0042,1,unw
0,3,Genre_32,0.0037,9e-04,0.0571,0.0488,0.1531,0.0028,1,unw
0,3,Genre_33,0.0074,0.0018,0.0607,0.0917,0.043,0.0056,1,unw
0,3,Genre_34,0.071,0.0018,0.1509,0.4584,0,0.0692,0.0019,unw
0,3,Genre_35,0.0083,0.0014,0.0589,0.1178,0.0154,0.0069,1,unw
0,3,Genre_36,0.1521,0.0014,0.1826,0.8254,0,0.1507,0,unw
0,3,Genre_37,0.1318,0.0542,0.3073,0.2525,0,0.0776,3e-04,unw
0,3,Genre_38,0.0092,0.0113,0.1292,0.0161,0.5717,0.0021,1,unw
0,3,Genre_39,0.0323,0.0199,0.1606,0.0771,0.0434,0.0124,0.9999,unw
0,3,Genre_40,0.0415,0.0416,0.2332,3e-04,0.9915,1e-04,1,unw
0,3,Genre_41,0.0065,0.0072,0.0904,0.0086,0.7978,8e-04,1,unw
0,3,Genre_42,0.0101,0.0023,0.1024,0.077,0.014,0.0079,1,unw
0,3,Genre_43,0.0267,0.0063,0.1207,0.1691,1e-04,0.0204,0.9222,unw
0,3,Genre_44,0.0793,0.033,0.2504,0.1849,0,0.0463,0.0883,unw
0,3,Genre_45,0.1032,0.1649,0.3338,0.1846,0,0.0616,0.0079,unw
0,3,Genre_46,0.0369,0.0614,0.2232,0.11,0.0014,0.0246,0.772,unw
0,3,Genre_47,0.0756,0.1075,0.284,0.1124,0.0021,0.0319,0.4482,unw
0,3,Genre_48,0.0691,0.1039,0.2737,0.127,6e-04,0.0348,0.3425,unw
0,3,Genre_49,0.059,0.1987,0.3082,0.4535,0,0.1397,0,unw
0,3,Genre_50,0.0276,0.0271,0.164,0.0034,0.9277,5e-04,1,unw
0,3,Genre_51,0.012,0.0095,0.1127,0.0222,0.5214,0.0025,1,unw
0,3,Genre_52,0.0848,0.0881,0.2813,0.0117,0.7519,0.0033,1,unw
0,3,Genre_53,0.0267,0.0298,0.1684,0.0183,0.6126,0.0031,1,unw
0,3,Genre_54,0.0267,0.0113,0.1472,0.1048,0.0042,0.0154,0.9951,unw
0,3,Genre_55,0.0369,0.0068,0.1631,0.1845,0,0.0301,0.5248,unw
0,3,Genre_56,0.0046,0.0014,0.063,0.0517,0.1393,0.0033,1,unw
0,3,Genre_57,0.0028,5e-04,0.0484,0.0478,0.1628,0.0023,1,unw
0,3,Genre_58,0.0092,0.0117,0.1027,0.0246,0.4943,0.0025,1,unw
0,3,Genre_59,0.0175,0.009,0.1111,0.0763,0.0575,0.0085,1,unw
0,3,Genre_60,0.0055,0.0041,0.0752,0.0195,0.5771,0.0015,1,unw
0,3,Genre_61,9e-04,0.0014,0.0377,0.0115,0.7199,4e-04,1,unw
0,3,Genre_62,9e-04,0,0.0315,0.0292,0.3172,9e-04,1,unw
0,3,Genre_63,0,0,0.0084,0,NA,0,1,unw
0,3,Genre_64,0.0046,5e-04,0.0253,0.1644,0.0484,0.0042,1,unw
0,3,Genre_65,0.0074,0.0099,0.0992,0.0258,0.4436,0.0026,1,unw
0,3,Genre_66,0.0037,0.0036,0.0429,0.0017,0.9739,1e-04,1,unw
0,3,Genre_67,0.0028,0.0063,0.0881,0.0404,0.1251,0.0036,1,unw
0,3,Genre_68,0.0074,0.0235,0.1477,0.1091,1e-04,0.0161,0.9915,unw
0,3,Genre_69,9e-04,0,0.0119,0.0773,0.3172,9e-04,1,unw
1,2,pre_citCount,1.6255,1.8563,0.5503,0.4196,0,0.1765,0,unw
1,2,firstyear:1980,0.0021,0.002,0.0469,9e-04,0,0,0,unw
1,2,firstyear:1981,0.0029,0.0027,0.0512,0.0032,NA,2e-04,NA,unw
1,2,firstyear:1982,0.0044,0.0011,0.0589,0.0563,NA,0.0033,NA,unw
1,2,firstyear:1983,0.0043,0.0011,0.0546,0.0579,NA,0.0032,NA,unw
1,2,firstyear:1984,0.0103,0.0038,0.0865,0.0751,NA,0.0065,NA,unw
1,2,firstyear:1985,0.0364,0.0186,0.1644,0.1086,NA,0.0178,NA,unw
1,2,firstyear:1986,0.0347,0.0204,0.1629,0.0878,NA,0.0143,NA,unw
1,2,firstyear:1987,0.0417,0.0202,0.1735,0.124,NA,0.0215,NA,unw
1,2,firstyear:1988,0.0372,0.026,0.1738,0.0646,NA,0.0112,NA,unw
1,2,firstyear:1989,0.045,0.0314,0.1916,0.0711,NA,0.0136,NA,unw
1,2,firstyear:1990,0.0493,0.0271,0.1918,0.1156,NA,0.0222,NA,unw
1,2,firstyear:1991,0.0474,0.0345,0.1956,0.0658,NA,0.0129,NA,unw
1,2,firstyear:1992,0.0597,0.0475,0.2216,0.0552,NA,0.0122,NA,unw
1,2,firstyear:1993,0.0586,0.058,0.2299,0.0025,NA,6e-04,NA,unw
1,2,firstyear:1994,0.0574,0.05,0.2246,0.0329,NA,0.0074,NA,unw
1,2,firstyear:1995,0.052,0.0576,0.2255,0.0249,NA,0.0056,NA,unw
1,2,firstyear:1996,0.0458,0.0551,0.2144,0.0435,NA,0.0093,NA,unw
1,2,firstyear:1997,0.0494,0.0596,0.2263,0.045,NA,0.0102,NA,unw
1,2,firstyear:1998,0.0447,0.0511,0.2159,0.0297,NA,0.0064,NA,unw
1,2,firstyear:1999,0.0488,0.0527,0.2208,0.0175,NA,0.0039,NA,unw
1,2,firstyear:2000,0.0445,0.0509,0.2161,0.0294,NA,0.0063,NA,unw
1,2,firstyear:2001,0.0442,0.0536,0.214,0.0437,NA,0.0094,NA,unw
1,2,firstyear:2002,0.0361,0.0426,0.198,0.0326,NA,0.0065,NA,unw
1,2,firstyear:2003,0.0326,0.043,0.1923,0.054,NA,0.0104,NA,unw
1,2,firstyear:2004,0.0295,0.0401,0.1848,0.0576,NA,0.0106,NA,unw
1,2,firstyear:2005,0.0247,0.0359,0.1737,0.0641,NA,0.0111,NA,unw
1,2,firstyear:2006,0.0176,0.03,0.159,0.0783,NA,0.0124,NA,unw
1,2,firstyear:2007,0.0174,0.0289,0.1486,0.0773,NA,0.0115,NA,unw
1,2,firstyear:2008,0.0092,0.0233,0.1305,0.1082,NA,0.0141,NA,unw
1,2,firstyear:2009,0.007,0.0173,0.108,0.0953,NA,0.0103,NA,unw
1,2,firstyear:2010,0.0033,0.0083,0.0742,0.0669,NA,0.005,NA,unw
1,2,firstyear:2011,0.0013,0.0047,0.0546,0.063,NA,0.0034,NA,unw
1,2,firstyear:2012,5e-04,9e-04,0.0253,0.0167,NA,4e-04,NA,unw
1,2,Genre_0,3e-04,7e-04,0.0206,0.0172,0.4277,4e-04,1,unw
1,2,Genre_1,0.0279,0.0202,0.1557,0.0496,0.009,0.0077,0.9977,unw
1,2,Genre_2,0.0605,0.1134,0.2743,0.1928,0,0.0529,0,unw
1,2,Genre_3,0.0081,0.0737,0.175,0.3752,0,0.0657,0,unw
1,2,Genre_4,0.116,0.0762,0.3022,0.1317,0,0.0398,5e-04,unw
1,2,Genre_5,0.004,0.0011,0.0526,0.054,0.0024,0.0028,1,unw
1,2,Genre_6,0.013,0.004,0.096,0.0933,0,0.009,0.9847,unw
1,2,Genre_7,0.0303,0.1033,0.2337,0.3126,0,0.0731,0,unw
1,2,Genre_8,0.0255,0.1089,0.2316,0.3602,0,0.0834,0,unw
1,2,Genre_9,0.0203,0.0607,0.1833,0.2207,0,0.0405,4e-04,unw
1,2,Genre_10,0.0162,0.0536,0.1715,0.218,0,0.0374,0.0013,unw
1,2,Genre_11,0.0261,0.1143,0.2345,0.3759,0,0.0882,0,unw
1,2,Genre_12,0,0,NA,NA,NA,0,1,unw
1,2,Genre_13,0.0114,0.0744,0.1791,0.3517,0,0.063,0,unw
1,2,Genre_14,0.0176,0.045,0.1656,0.1658,0,0.0275,0.0388,unw
1,2,Genre_15,0.0396,0.1179,0.2541,0.3081,0,0.0783,0,unw
1,2,Genre_16,0.004,0.0087,0.077,0.062,0.0029,0.0048,1,unw
1,2,Genre_17,0.0182,0.1147,0.2256,0.4278,0,0.0965,0,unw
1,2,Genre_18,0.001,4e-04,0.0253,0.0199,0.3158,5e-04,1,unw
1,2,Genre_19,0.0073,0.0092,0.0985,0.0193,0.2873,0.0019,1,unw
1,2,Genre_20,0.0338,0.0134,0.1562,0.13,0,0.0203,0.2314,unw
1,2,Genre_21,0.046,0.0659,0.2277,0.0876,0,0.0199,0.2498,unw
1,2,Genre_22,0.0269,0.0087,0.1334,0.1364,0,0.0182,0.3522,unw
1,2,Genre_23,0.0377,0.0403,0.1844,0.0143,0.4889,0.0026,1,unw
1,2,Genre_24,0.0054,0.0018,0.0641,0.0561,0.0013,0.0036,1,unw
1,2,Genre_25,0.0252,0.0052,0.1224,0.1637,0,0.02,0.2446,unw
1,2,Genre_26,2e-04,2e-04,0.0146,0.0045,0.8109,1e-04,1,unw
1,2,Genre_27,0.0022,0.0016,0.0421,0.0154,0.4382,6e-04,1,unw
1,2,Genre_28,0.0141,0.0137,0.1229,0.0035,0.8503,4e-04,1,unw
1,2,Genre_29,0.0751,0.1127,0.2887,0.1303,0,0.0376,0.0012,unw
1,2,Genre_30,0.0038,2e-04,0.0469,0.0763,0,0.0036,1,unw
1,2,Genre_31,0.003,9e-04,0.0476,0.0444,0.0102,0.0021,1,unw
1,2,Genre_32,0.0049,0.002,0.0571,0.0507,0.0089,0.0029,1,unw
1,2,Genre_33,0.006,4e-04,0.0607,0.0918,0,0.0056,1,unw
1,2,Genre_34,0.033,0.0087,0.1509,0.1605,0,0.0242,0.0932,unw
1,2,Genre_35,0.0041,0.0025,0.0589,0.0281,0.1312,0.0017,1,unw
1,2,Genre_36,0.0299,0.0289,0.1826,0.0057,0.7534,0.001,1,unw
1,2,Genre_37,0.171,0.0323,0.3073,0.4513,0,0.1387,0,unw
1,2,Genre_38,0.0296,0.0038,0.1292,0.1998,0,0.0258,0.0613,unw
1,2,Genre_39,0.0426,0.0056,0.1606,0.2305,0,0.037,0.0015,unw
1,2,Genre_40,0.0892,0.0251,0.2332,0.2749,0,0.0641,0,unw
1,2,Genre_41,0.0125,0.0031,0.0904,0.1037,0,0.0094,0.9755,unw
1,2,Genre_42,0.0193,0.0025,0.1024,0.1648,0,0.0169,0.4468,unw
1,2,Genre_43,0.0215,0.0065,0.1207,0.1247,0,0.0151,0.5945,unw
1,2,Genre_44,0.1111,0.0193,0.2504,0.3666,0,0.0918,0,unw
1,2,Genre_45,0.1518,0.0814,0.3338,0.211,0,0.0704,0,unw
1,2,Genre_46,0.0648,0.0347,0.2232,0.1347,0,0.0301,0.0177,unw
1,2,Genre_47,0.1005,0.0652,0.284,0.1241,0,0.0352,0.003,unw
1,2,Genre_48,0.0778,0.0789,0.2737,0.004,0.8361,0.0011,1,unw
1,2,Genre_49,0.0921,0.0919,0.3082,6e-04,0.9754,2e-04,1,unw
1,2,Genre_50,0.033,0.0204,0.164,0.0766,0,0.0126,0.8038,unw
1,2,Genre_51,0.0195,0.0054,0.1127,0.1252,0,0.0141,0.6753,unw
1,2,Genre_52,0.1155,0.0455,0.2813,0.2489,0,0.07,0,unw
1,2,Genre_53,0.0364,0.0193,0.1684,0.102,0,0.0172,0.424,unw
1,2,Genre_54,0.0377,0.0045,0.1472,0.2257,0,0.0332,0.0062,unw
1,2,Genre_55,0.0445,0.011,0.1631,0.2056,0,0.0335,0.0056,unw
1,2,Genre_56,0.0068,0.0011,0.063,0.0904,0,0.0057,1,unw
1,2,Genre_57,0.0043,4e-04,0.0484,0.0792,0,0.0038,1,unw
1,2,Genre_58,0.0114,0.0094,0.1027,0.0194,0.3108,0.002,1,unw
1,2,Genre_59,0.0163,0.0076,0.1111,0.0783,0,0.0087,0.989,unw
1,2,Genre_60,0.0022,0.0114,0.0752,0.1225,0,0.0092,0.9796,unw
1,2,Genre_61,0.0024,2e-04,0.0377,0.0571,0.001,0.0022,1,unw
1,2,Genre_62,0.0019,2e-04,0.0315,0.0532,0.0046,0.0017,1,unw
1,2,Genre_63,2e-04,0,0.0084,0.0188,0.3173,2e-04,1,unw
1,2,Genre_64,3e-04,2e-04,0.0253,0.0037,0.7697,1e-04,1,unw
1,2,Genre_65,0.0055,0.0168,0.0992,0.1135,0,0.0113,0.8946,unw
1,2,Genre_66,0.0019,4e-04,0.0429,0.0338,0.0218,0.0015,1,unw
1,2,Genre_67,0.0054,0.0132,0.0881,0.089,1e-04,0.0078,0.9971,unw
1,2,Genre_68,0.0076,0.0462,0.1477,0.2611,0,0.0386,8e-04,unw
1,2,Genre_69,2e-04,0,0.0119,0.0133,0.3173,2e-04,1,unw
1,3,pre_citCount,1.6255,1.903,0.5503,0.5043,0,0.2147,0,unw
1,3,firstyear:1980,0.0021,5e-04,0.0469,0.0343,0,0.0016,0,unw
1,3,firstyear:1981,0.0029,9e-04,0.0512,0.0381,NA,0.0019,NA,unw
1,3,firstyear:1982,0.0044,0.0014,0.0589,0.0523,NA,0.0031,NA,unw
1,3,firstyear:1983,0.0043,0.0018,0.0546,0.0453,NA,0.0025,NA,unw
1,3,firstyear:1984,0.0103,0.0027,0.0865,0.0878,NA,0.0076,NA,unw
1,3,firstyear:1985,0.0364,0.0108,0.1644,0.1558,NA,0.0256,NA,unw
1,3,firstyear:1986,0.0347,0.0154,0.1629,0.1187,NA,0.0193,NA,unw
1,3,firstyear:1987,0.0417,0.0212,0.1735,0.1179,NA,0.0204,NA,unw
1,3,firstyear:1988,0.0372,0.0176,0.1738,0.1129,NA,0.0196,NA,unw
1,3,firstyear:1989,0.045,0.0244,0.1916,0.1076,NA,0.0206,NA,unw
1,3,firstyear:1990,0.0493,0.0239,0.1918,0.1321,NA,0.0253,NA,unw
1,3,firstyear:1991,0.0474,0.0239,0.1956,0.1198,NA,0.0234,NA,unw
1,3,firstyear:1992,0.0597,0.0357,0.2216,0.1085,NA,0.0241,NA,unw
1,3,firstyear:1993,0.0586,0.0461,0.2299,0.0546,NA,0.0126,NA,unw
1,3,firstyear:1994,0.0574,0.0425,0.2246,0.0663,NA,0.0149,NA,unw
1,3,firstyear:1995,0.052,0.0461,0.2255,0.0262,NA,0.0059,NA,unw
1,3,firstyear:1996,0.0458,0.0416,0.2144,0.0198,NA,0.0042,NA,unw
1,3,firstyear:1997,0.0494,0.0628,0.2263,0.059,NA,0.0133,NA,unw
1,3,firstyear:1998,0.0447,0.0574,0.2159,0.0587,NA,0.0127,NA,unw
1,3,firstyear:1999,0.0488,0.0614,0.2208,0.0572,NA,0.0126,NA,unw
1,3,firstyear:2000,0.0445,0.0659,0.2161,0.0991,NA,0.0214,NA,unw
1,3,firstyear:2001,0.0442,0.0565,0.214,0.0572,NA,0.0123,NA,unw
1,3,firstyear:2002,0.0361,0.0547,0.198,0.0936,NA,0.0185,NA,unw
1,3,firstyear:2003,0.0326,0.0488,0.1923,0.0839,NA,0.0161,NA,unw
1,3,firstyear:2004,0.0295,0.0519,0.1848,0.1216,NA,0.0225,NA,unw
1,3,firstyear:2005,0.0247,0.0452,0.1737,0.1178,NA,0.0204,NA,unw
1,3,firstyear:2006,0.0176,0.0452,0.159,0.1735,NA,0.0276,NA,unw
1,3,firstyear:2007,0.0174,0.0316,0.1486,0.0955,NA,0.0142,NA,unw
1,3,firstyear:2008,0.0092,0.0303,0.1305,0.1614,NA,0.0211,NA,unw
1,3,firstyear:2009,0.007,0.0167,0.108,0.0902,NA,0.0097,NA,unw
1,3,firstyear:2010,0.0033,0.009,0.0742,0.0769,NA,0.0057,NA,unw
1,3,firstyear:2011,0.0013,0.0054,0.0546,0.0761,NA,0.0042,NA,unw
1,3,firstyear:2012,5e-04,9e-04,0.0253,0.0169,NA,4e-04,NA,unw
1,3,Genre_0,3e-04,0,0.0206,0.0154,0.1573,3e-04,1,unw
1,3,Genre_1,0.0279,0.0163,0.1557,0.0747,6e-04,0.0116,0.9797,unw
1,3,Genre_2,0.0605,0.0958,0.2743,0.1284,0,0.0352,0.0342,unw
1,3,Genre_3,0.0081,0.023,0.175,0.0855,0,0.015,0.857,unw
1,3,Genre_4,0.116,0.0985,0.3022,0.058,0.0196,0.0175,0.6955,unw
1,3,Genre_5,0.004,0.0023,0.0526,0.0324,0.184,0.0017,1,unw
1,3,Genre_6,0.013,0.005,0.096,0.0836,1e-04,0.008,0.9999,unw
1,3,Genre_7,0.0303,0.0551,0.2337,0.1063,0,0.0248,0.264,unw
1,3,Genre_8,0.0255,0.0506,0.2316,0.1083,0,0.0251,0.2541,unw
1,3,Genre_9,0.0203,0.0257,0.1833,0.0298,0.1511,0.0055,1,unw
1,3,Genre_10,0.0162,0.0271,0.1715,0.0638,0.004,0.0109,0.9895,unw
1,3,Genre_11,0.0261,0.0565,0.2345,0.1293,0,0.0303,0.0983,unw
1,3,Genre_12,0,0,NA,NA,NA,0,1,unw
1,3,Genre_13,0.0114,0.0257,0.1791,0.08,1e-04,0.0143,0.8891,unw
1,3,Genre_14,0.0176,0.0289,0.1656,0.0684,0.004,0.0113,0.9846,unw
1,3,Genre_15,0.0396,0.07,0.2541,0.1196,0,0.0304,0.0968,unw
1,3,Genre_16,0.004,0.0086,0.077,0.06,0.0289,0.0046,1,unw
1,3,Genre_17,0.0182,0.0515,0.2256,0.1475,0,0.0333,0.0531,unw
1,3,Genre_18,0.001,5e-04,0.0253,0.0197,0.4019,5e-04,1,unw
1,3,Genre_19,0.0073,0.0027,0.0985,0.0465,0.0029,0.0046,1,unw
1,3,Genre_20,0.0338,0.0086,0.1562,0.1612,0,0.0252,0.2502,unw
1,3,Genre_21,0.046,0.0524,0.2277,0.0283,0.2346,0.0064,1,unw
1,3,Genre_22,0.0269,0.0063,0.1334,0.1545,0,0.0206,0.4891,unw
1,3,Genre_23,0.0377,0.0145,0.1844,0.1261,0,0.0233,0.3379,unw
1,3,Genre_24,0.0054,0.0027,0.0641,0.0418,0.0628,0.0027,1,unw
1,3,Genre_25,0.0252,0.0045,0.1224,0.169,0,0.0207,0.4851,unw
1,3,Genre_26,2e-04,0,0.0146,0.0109,0.3173,2e-04,1,unw
1,3,Genre_27,0.0022,0.0014,0.0421,0.0205,0.3788,9e-04,1,unw
1,3,Genre_28,0.0141,0.0063,0.1229,0.0633,5e-04,0.0078,1,unw
1,3,Genre_29,0.0751,0.0682,0.2887,0.0239,0.2733,0.0069,1,unw
1,3,Genre_30,0.0038,0,0.0469,0.0811,0,0.0038,1,unw
1,3,Genre_31,0.003,0.0014,0.0476,0.0348,0.1123,0.0017,1,unw
1,3,Genre_32,0.0049,9e-04,0.0571,0.0702,2e-04,0.004,1,unw
1,3,Genre_33,0.006,0.0018,0.0607,0.0695,0.0015,0.0042,1,unw
1,3,Genre_34,0.033,0.0018,0.1509,0.2065,0,0.0312,0.0831,unw
1,3,Genre_35,0.0041,0.0014,0.0589,0.0469,0.0138,0.0028,1,unw
1,3,Genre_36,0.0299,0.0014,0.1826,0.1566,0,0.0286,0.1371,unw
1,3,Genre_37,0.171,0.0542,0.3073,0.3799,0,0.1168,0,unw
1,3,Genre_38,0.0296,0.0113,0.1292,0.1419,0,0.0183,0.6399,unw
1,3,Genre_39,0.0426,0.0199,0.1606,0.1416,0,0.0228,0.3643,unw
1,3,Genre_40,0.0892,0.0416,0.2332,0.2044,0,0.0477,0.0012,unw
1,3,Genre_41,0.0125,0.0072,0.0904,0.0585,0.0203,0.0053,1,unw
1,3,Genre_42,0.0193,0.0023,0.1024,0.1668,0,0.0171,0.7258,unw
1,3,Genre_43,0.0215,0.0063,0.1207,0.1262,0,0.0152,0.8418,unw
1,3,Genre_44,0.1111,0.033,0.2504,0.3119,0,0.0781,0,unw
1,3,Genre_45,0.1518,0.1649,0.3338,0.0391,0.1507,0.0131,0.9425,unw
1,3,Genre_46,0.0648,0.0614,0.2232,0.0151,0.5713,0.0034,1,unw
1,3,Genre_47,0.1005,0.1075,0.284,0.0248,0.354,0.007,1,unw
1,3,Genre_48,0.0778,0.1039,0.2737,0.0953,4e-04,0.0261,0.2147,unw
1,3,Genre_49,0.0921,0.1987,0.3082,0.3462,0,0.1067,0,unw
1,3,Genre_50,0.033,0.0271,0.164,0.0357,0.1549,0.0059,1,unw
1,3,Genre_51,0.0195,0.0095,0.1127,0.0888,2e-04,0.01,0.9966,unw
1,3,Genre_52,0.1155,0.0881,0.2813,0.0975,2e-04,0.0274,0.1695,unw
1,3,Genre_53,0.0364,0.0298,0.1684,0.0394,0.1243,0.0066,1,unw
1,3,Genre_54,0.0377,0.0113,0.1472,0.1794,0,0.0264,0.2027,unw
1,3,Genre_55,0.0445,0.0068,0.1631,0.2314,0,0.0378,0.0187,unw
1,3,Genre_56,0.0068,0.0014,0.063,0.0867,0,0.0055,1,unw
1,3,Genre_57,0.0043,5e-04,0.0484,0.0791,0,0.0038,1,unw
1,3,Genre_58,0.0114,0.0117,0.1027,0.0033,0.8995,3e-04,1,unw
1,3,Genre_59,0.0163,0.009,0.1111,0.0656,0.0045,0.0073,1,unw
1,3,Genre_60,0.0022,0.0041,0.0752,0.0246,0.211,0.0018,1,unw
1,3,Genre_61,0.0024,0.0014,0.0377,0.0271,0.3038,0.001,1,unw
1,3,Genre_62,0.0019,0,0.0315,0.0603,5e-04,0.0019,1,unw
1,3,Genre_63,2e-04,0,0.0084,0.0188,0.3173,2e-04,1,unw
1,3,Genre_64,3e-04,5e-04,0.0253,0.0053,0.7892,1e-04,1,unw
1,3,Genre_65,0.0055,0.0099,0.0992,0.0442,0.0569,0.0044,1,unw
1,3,Genre_66,0.0019,0.0036,0.0429,0.0399,0.2175,0.0017,1,unw
1,3,Genre_67,0.0054,0.0063,0.0881,0.0106,0.626,9e-04,1,unw
1,3,Genre_68,0.0076,0.0235,0.1477,0.1075,0,0.0159,0.8029,unw
1,3,Genre_69,2e-04,0,0.0119,0.0133,0.3173,2e-04,1,unw
2,3,pre_citCount,1.8563,1.903,0.5503,0.0848,0.0015,0.048,0.0022,unw
2,3,firstyear:1980,0.002,5e-04,0.0469,0.0334,0,0.0016,0,unw
2,3,firstyear:1981,0.0027,9e-04,0.0512,0.0349,NA,0.0018,NA,unw
2,3,firstyear:1982,0.0011,0.0014,0.0589,0.004,NA,2e-04,NA,unw
2,3,firstyear:1983,0.0011,0.0018,0.0546,0.0126,NA,7e-04,NA,unw
2,3,firstyear:1984,0.0038,0.0027,0.0865,0.0127,NA,0.0011,NA,unw
2,3,firstyear:1985,0.0186,0.0108,0.1644,0.0472,NA,0.0078,NA,unw
2,3,firstyear:1986,0.0204,0.0154,0.1629,0.0309,NA,0.005,NA,unw
2,3,firstyear:1987,0.0202,0.0212,0.1735,0.0061,NA,0.0011,NA,unw
2,3,firstyear:1988,0.026,0.0176,0.1738,0.0482,NA,0.0084,NA,unw
2,3,firstyear:1989,0.0314,0.0244,0.1916,0.0365,NA,0.007,NA,unw
2,3,firstyear:1990,0.0271,0.0239,0.1918,0.0166,NA,0.0032,NA,unw
2,3,firstyear:1991,0.0345,0.0239,0.1956,0.0541,NA,0.0106,NA,unw
2,3,firstyear:1992,0.0475,0.0357,0.2216,0.0534,NA,0.0118,NA,unw
2,3,firstyear:1993,0.058,0.0461,0.2299,0.0521,NA,0.012,NA,unw
2,3,firstyear:1994,0.05,0.0425,0.2246,0.0335,NA,0.0075,NA,unw
2,3,firstyear:1995,0.0576,0.0461,0.2255,0.0511,NA,0.0115,NA,unw
2,3,firstyear:1996,0.0551,0.0416,0.2144,0.0633,NA,0.0136,NA,unw
2,3,firstyear:1997,0.0596,0.0628,0.2263,0.014,NA,0.0032,NA,unw
2,3,firstyear:1998,0.0511,0.0574,0.2159,0.029,NA,0.0063,NA,unw
2,3,firstyear:1999,0.0527,0.0614,0.2208,0.0397,NA,0.0088,NA,unw
2,3,firstyear:2000,0.0509,0.0659,0.2161,0.0697,NA,0.0151,NA,unw
2,3,firstyear:2001,0.0536,0.0565,0.214,0.0135,NA,0.0029,NA,unw
2,3,firstyear:2002,0.0426,0.0547,0.198,0.061,NA,0.0121,NA,unw
2,3,firstyear:2003,0.043,0.0488,0.1923,0.0299,NA,0.0058,NA,unw
2,3,firstyear:2004,0.0401,0.0519,0.1848,0.064,NA,0.0118,NA,unw
2,3,firstyear:2005,0.0359,0.0452,0.1737,0.0536,NA,0.0093,NA,unw
2,3,firstyear:2006,0.03,0.0452,0.159,0.0952,NA,0.0151,NA,unw
2,3,firstyear:2007,0.0289,0.0316,0.1486,0.0182,NA,0.0027,NA,unw
2,3,firstyear:2008,0.0233,0.0303,0.1305,0.0533,NA,0.007,NA,unw
2,3,firstyear:2009,0.0173,0.0167,0.108,0.005,NA,5e-04,NA,unw
2,3,firstyear:2010,0.0083,0.009,0.0742,0.01,NA,7e-04,NA,unw
2,3,firstyear:2011,0.0047,0.0054,0.0546,0.0131,NA,7e-04,NA,unw
2,3,firstyear:2012,9e-04,9e-04,0.0253,3e-04,NA,0,NA,unw
2,3,Genre_0,7e-04,0,0.0206,0.0326,0.0832,7e-04,1,unw
2,3,Genre_1,0.0202,0.0163,0.1557,0.0251,0.2521,0.0039,1,unw
2,3,Genre_2,0.1134,0.0958,0.2743,0.0643,0.0246,0.0176,0.7461,unw
2,3,Genre_3,0.0737,0.023,0.175,0.2897,0,0.0507,0.001,unw
2,3,Genre_4,0.0762,0.0985,0.3022,0.0737,0.0029,0.0223,0.4555,unw
2,3,Genre_5,0.0011,0.0023,0.0526,0.0216,0.3125,0.0011,1,unw
2,3,Genre_6,0.004,0.005,0.096,0.0097,0.5977,9e-04,1,unw
2,3,Genre_7,0.1033,0.0551,0.2337,0.2063,0,0.0482,0.0021,unw
2,3,Genre_8,0.1089,0.0506,0.2316,0.2519,0,0.0583,1e-04,unw
2,3,Genre_9,0.0607,0.0257,0.1833,0.1909,0,0.035,0.0534,unw
2,3,Genre_10,0.0536,0.0271,0.1715,0.1543,0,0.0265,0.2512,unw
2,3,Genre_11,0.1143,0.0565,0.2345,0.2466,0,0.0578,1e-04,unw
2,3,Genre_12,0,0,NA,NA,NA,0,1,unw
2,3,Genre_13,0.0744,0.0257,0.1791,0.2717,0,0.0487,0.0018,unw
2,3,Genre_14,0.045,0.0289,0.1656,0.0975,6e-04,0.0161,0.8355,unw
2,3,Genre_15,0.1179,0.07,0.2541,0.1884,0,0.0479,0.0023,unw
2,3,Genre_16,0.0087,0.0086,0.077,0.0021,0.9474,2e-04,1,unw
2,3,Genre_17,0.1147,0.0515,0.2256,0.2804,0,0.0633,0,unw
2,3,Genre_18,4e-04,5e-04,0.0253,1e-04,0.995,0,1,unw
2,3,Genre_19,0.0092,0.0027,0.0985,0.0657,3e-04,0.0065,1,unw
2,3,Genre_20,0.0134,0.0086,0.1562,0.0312,0.0625,0.0049,1,unw
2,3,Genre_21,0.0659,0.0524,0.2277,0.0593,0.025,0.0135,0.9504,unw
2,3,Genre_22,0.0087,0.0063,0.1334,0.0181,0.269,0.0024,1,unw
2,3,Genre_23,0.0403,0.0145,0.1844,0.1404,0,0.0259,0.2745,unw
2,3,Genre_24,0.0018,0.0027,0.0641,0.0143,0.4715,9e-04,1,unw
2,3,Genre_25,0.0052,0.0045,0.1224,0.0052,0.7206,6e-04,1,unw
2,3,Genre_26,2e-04,0,0.0146,0.0154,0.3173,2e-04,1,unw
2,3,Genre_27,0.0016,0.0014,0.0421,0.0051,0.8275,2e-04,1,unw
2,3,Genre_28,0.0137,0.0063,0.1229,0.0598,0.0024,0.0073,1,unw
2,3,Genre_29,0.1127,0.0682,0.2887,0.1542,0,0.0445,0.0057,unw
2,3,Genre_30,2e-04,0,0.0469,0.0048,0.3173,2e-04,1,unw
2,3,Genre_31,9e-04,0.0014,0.0476,0.0096,0.6109,5e-04,1,unw
2,3,Genre_32,0.002,9e-04,0.0571,0.0195,0.2295,0.0011,1,unw
2,3,Genre_33,4e-04,0.0018,0.0607,0.0224,0.1556,0.0014,1,unw
2,3,Genre_34,0.0087,0.0018,0.1509,0.046,0,0.0069,1,unw
2,3,Genre_35,0.0025,0.0014,0.0589,0.0188,0.3032,0.0011,1,unw
2,3,Genre_36,0.0289,0.0014,0.1826,0.1509,0,0.0276,0.2111,unw
2,3,Genre_37,0.0323,0.0542,0.3073,0.0713,1e-04,0.0219,0.4752,unw
2,3,Genre_38,0.0038,0.0113,0.1292,0.0579,0.0021,0.0075,1,unw
2,3,Genre_39,0.0056,0.0199,0.1606,0.0888,0,0.0143,0.9239,unw
2,3,Genre_40,0.0251,0.0416,0.2332,0.0706,7e-04,0.0165,0.818,unw
2,3,Genre_41,0.0031,0.0072,0.0904,0.0452,0.0395,0.0041,1,unw
2,3,Genre_42,0.0025,0.0023,0.1024,0.002,0.8688,2e-04,1,unw
2,3,Genre_43,0.0065,0.0063,0.1207,0.0015,0.9323,2e-04,1,unw
2,3,Genre_44,0.0193,0.033,0.2504,0.0547,0.0015,0.0137,0.9441,unw
2,3,Genre_45,0.0814,0.1649,0.3338,0.2501,0,0.0835,0,unw
2,3,Genre_46,0.0347,0.0614,0.2232,0.1196,0,0.0267,0.2425,unw
2,3,Genre_47,0.0652,0.1075,0.284,0.1489,0,0.0423,0.0101,unw
2,3,Genre_48,0.0789,0.1039,0.2737,0.0913,0.0011,0.025,0.3135,unw
2,3,Genre_49,0.0919,0.1987,0.3082,0.3467,0,0.1068,0,unw
2,3,Genre_50,0.0204,0.0271,0.164,0.0409,0.0977,0.0067,1,unw
2,3,Genre_51,0.0054,0.0095,0.1127,0.0364,0.0784,0.0041,1,unw
2,3,Genre_52,0.0455,0.0881,0.2813,0.1514,0,0.0426,0.0093,unw
2,3,Genre_53,0.0193,0.0298,0.1684,0.0626,0.0113,0.0105,0.9966,unw
2,3,Genre_54,0.0045,0.0113,0.1472,0.0462,0.0056,0.0068,1,unw
2,3,Genre_55,0.011,0.0068,0.1631,0.0258,0.0722,0.0042,1,unw
2,3,Genre_56,0.0011,0.0014,0.063,0.0037,0.8007,2e-04,1,unw
2,3,Genre_57,4e-04,5e-04,0.0484,1e-04,0.995,0,1,unw
2,3,Genre_58,0.0094,0.0117,0.1027,0.0227,0.3894,0.0023,1,unw
2,3,Genre_59,0.0076,0.009,0.1111,0.0127,0.5552,0.0014,1,unw
2,3,Genre_60,0.0114,0.0041,0.0752,0.098,4e-04,0.0074,1,unw
2,3,Genre_61,2e-04,0.0014,0.0377,0.03,0.1644,0.0011,1,unw
2,3,Genre_62,2e-04,0,0.0315,0.0071,0.3173,2e-04,1,unw
2,3,Genre_63,0,0,0.0084,0,NA,0,1,unw
2,3,Genre_64,2e-04,5e-04,0.0253,0.009,0.6517,2e-04,1,unw
2,3,Genre_65,0.0168,0.0099,0.0992,0.0692,0.0161,0.0069,1,unw
2,3,Genre_66,4e-04,0.0036,0.0429,0.0737,0.016,0.0032,1,unw
2,3,Genre_67,0.0132,0.0063,0.0881,0.0783,0.0041,0.0069,1,unw
2,3,Genre_68,0.0462,0.0235,0.1477,0.1536,0,0.0227,0.4318,unw
2,3,Genre_69,0,0,0.0119,0,NA,0,1,unw
0,1,pre_citCount,1.6948,1.7131,0.5503,0.0333,0.4204,0.029,0.7098,ks.mean
0,1,firstyear:1980,0.0034,0.0018,0.0469,0.035,0.5999,0.0016,0.5999,ks.mean
0,1,firstyear:1981,0.0021,0.0028,0.0512,0.0144,NA,7e-04,NA,ks.mean
0,1,firstyear:1982,0.0048,0.0037,0.0589,0.0181,NA,0.0011,NA,ks.mean
0,1,firstyear:1983,0.0023,0.0029,0.0546,0.0112,NA,6e-04,NA,ks.mean
0,1,firstyear:1984,0.0079,0.0076,0.0865,0.0031,NA,3e-04,NA,ks.mean
0,1,firstyear:1985,0.0312,0.0296,0.1644,0.0095,NA,0.0016,NA,ks.mean
0,1,firstyear:1986,0.0315,0.0284,0.1629,0.019,NA,0.0031,NA,ks.mean
0,1,firstyear:1987,0.0367,0.0336,0.1735,0.0177,NA,0.0031,NA,ks.mean
0,1,firstyear:1988,0.0353,0.032,0.1738,0.0191,NA,0.0033,NA,ks.mean
0,1,firstyear:1989,0.044,0.0403,0.1916,0.0193,NA,0.0037,NA,ks.mean
0,1,firstyear:1990,0.0451,0.0405,0.1918,0.0238,NA,0.0046,NA,ks.mean
0,1,firstyear:1991,0.0405,0.0425,0.1956,0.0102,NA,0.002,NA,ks.mean
0,1,firstyear:1992,0.0581,0.0549,0.2216,0.0142,NA,0.0032,NA,ks.mean
0,1,firstyear:1993,0.0604,0.0572,0.2299,0.0139,NA,0.0032,NA,ks.mean
0,1,firstyear:1994,0.0499,0.0548,0.2246,0.0215,NA,0.0048,NA,ks.mean
0,1,firstyear:1995,0.0601,0.0532,0.2255,0.0306,NA,0.0069,NA,ks.mean
0,1,firstyear:1996,0.0554,0.048,0.2144,0.0343,NA,0.0074,NA,ks.mean
0,1,firstyear:1997,0.0539,0.0543,0.2263,0.0016,NA,4e-04,NA,ks.mean
0,1,firstyear:1998,0.0544,0.0476,0.2159,0.0315,NA,0.0068,NA,ks.mean
0,1,firstyear:1999,0.0516,0.0512,0.2208,0.0019,NA,4e-04,NA,ks.mean
0,1,firstyear:2000,0.0567,0.0495,0.2161,0.0337,NA,0.0073,NA,ks.mean
0,1,firstyear:2001,0.0463,0.0462,0.214,6e-04,NA,1e-04,NA,ks.mean
0,1,firstyear:2002,0.0408,0.0389,0.198,0.0101,NA,0.002,NA,ks.mean
0,1,firstyear:2003,0.034,0.038,0.1923,0.0207,NA,0.004,NA,ks.mean
0,1,firstyear:2004,0.0221,0.035,0.1848,0.0699,NA,0.0129,NA,ks.mean
0,1,firstyear:2005,0.0257,0.0314,0.1737,0.0332,NA,0.0058,NA,ks.mean
0,1,firstyear:2006,0.0192,0.0229,0.159,0.0234,NA,0.0037,NA,ks.mean
0,1,firstyear:2007,0.0061,0.0212,0.1486,0.1017,NA,0.0151,NA,ks.mean
0,1,firstyear:2008,0.0144,0.0139,0.1305,0.0034,NA,4e-04,NA,ks.mean
0,1,firstyear:2009,0.0056,0.0098,0.108,0.0395,NA,0.0043,NA,ks.mean
0,1,firstyear:2010,0,0.0035,0.0742,0.0473,NA,0.0035,NA,ks.mean
0,1,firstyear:2011,5e-04,0.0021,0.0546,0.0291,NA,0.0016,NA,ks.mean
0,1,firstyear:2012,0,5e-04,0.0253,0.0215,NA,5e-04,NA,ks.mean
0,1,Genre_0,0.001,4e-04,0.0206,0.0318,0.5438,7e-04,1,ks.mean
0,1,Genre_1,0.0288,0.0256,0.1557,0.0204,0.5548,0.0032,1,ks.mean
0,1,Genre_2,0.055,0.078,0.2743,0.0837,0.0225,0.023,0.9177,ks.mean
0,1,Genre_3,0.0148,0.0228,0.175,0.0454,0.1869,0.0079,1,ks.mean
0,1,Genre_4,0.1162,0.107,0.3022,0.0306,0.4677,0.0092,1,ks.mean
0,1,Genre_5,0.002,0.0028,0.0526,0.0158,0.5252,8e-04,1,ks.mean
0,1,Genre_6,0.0094,0.0092,0.096,0.0016,0.9556,1e-04,1,ks.mean
0,1,Genre_7,0.061,0.0532,0.2337,0.0334,0.4873,0.0078,1,ks.mean
0,1,Genre_8,0.057,0.0499,0.2316,0.0307,0.5128,0.0071,1,ks.mean
0,1,Genre_9,0.0376,0.0315,0.1833,0.0331,0.4517,0.0061,1,ks.mean
0,1,Genre_10,0.0306,0.0259,0.1715,0.0272,0.5331,0.0047,1,ks.mean
0,1,Genre_11,0.0359,0.0532,0.2345,0.0737,0.0917,0.0173,0.9949,ks.mean
0,1,Genre_12,0,0,NA,NA,NA,0,1,ks.mean
0,1,Genre_13,0.0153,0.0245,0.1791,0.0513,0.2749,0.0092,1,ks.mean
0,1,Genre_14,0.0298,0.028,0.1656,0.0115,0.8082,0.0019,1,ks.mean
0,1,Genre_15,0.0588,0.0661,0.2541,0.0285,0.4934,0.0072,1,ks.mean
0,1,Genre_16,0.0017,0.0046,0.077,0.0381,0.1393,0.0029,1,ks.mean
0,1,Genre_17,0.0329,0.0452,0.2256,0.0549,0.2335,0.0124,1,ks.mean
0,1,Genre_18,0,0.0011,0.0253,0.0448,0.0376,0.0011,1,ks.mean
0,1,Genre_19,0.0123,0.0101,0.0985,0.0228,0.4095,0.0022,1,ks.mean
0,1,Genre_20,0.0314,0.0264,0.1562,0.0319,0.2993,0.005,1,ks.mean
0,1,Genre_21,0.0543,0.0556,0.2277,0.0055,0.8897,0.0013,1,ks.mean
0,1,Genre_22,0.0212,0.0193,0.1334,0.0148,0.6746,0.002,1,ks.mean
0,1,Genre_23,0.0462,0.0357,0.1844,0.0569,0.2097,0.0105,1,ks.mean
0,1,Genre_24,0.0044,0.0047,0.0641,0.0034,0.9023,2e-04,1,ks.mean
0,1,Genre_25,0.0203,0.0166,0.1224,0.0301,0.4899,0.0037,1,ks.mean
0,1,Genre_26,4e-04,3e-04,0.0146,0.0073,0.8087,1e-04,1,ks.mean
0,1,Genre_27,0.003,0.0017,0.0421,0.0303,0.6754,0.0013,1,ks.mean
0,1,Genre_28,0.0182,0.0161,0.1229,0.017,0.5695,0.0021,1,ks.mean
0,1,Genre_29,0.1091,0.0898,0.2887,0.0668,0.0945,0.0193,0.9817,ks.mean
0,1,Genre_30,0.0018,0.0025,0.0469,0.0143,0.4818,7e-04,1,ks.mean
0,1,Genre_31,0.004,0.0025,0.0476,0.03,0.4679,0.0014,1,ks.mean
0,1,Genre_32,0.0051,0.0034,0.0571,0.03,0.6131,0.0017,1,ks.mean
0,1,Genre_33,0.0034,0.0041,0.0607,0.0124,0.6088,7e-04,1,ks.mean
0,1,Genre_34,0.028,0.0245,0.1509,0.023,0.3786,0.0035,1,ks.mean
0,1,Genre_35,0.0039,0.0032,0.0589,0.0121,0.7042,7e-04,1,ks.mean
0,1,Genre_36,0.0467,0.0346,0.1826,0.0666,0.0121,0.0122,1,ks.mean
0,1,Genre_37,0.1188,0.1155,0.3073,0.0108,0.7696,0.0033,1,ks.mean
0,1,Genre_38,0.0085,0.0187,0.1292,0.0792,0.0018,0.0102,1,ks.mean
0,1,Genre_39,0.025,0.0289,0.1606,0.0244,0.4465,0.0039,1,ks.mean
0,1,Genre_40,0.0458,0.0631,0.2332,0.074,0.0575,0.0173,0.995,ks.mean
0,1,Genre_41,0.007,0.0088,0.0904,0.0202,0.555,0.0018,1,ks.mean
0,1,Genre_42,0.0136,0.0116,0.1024,0.0197,0.7169,0.002,1,ks.mean
0,1,Genre_43,0.0123,0.0155,0.1207,0.0268,0.2609,0.0032,1,ks.mean
0,1,Genre_44,0.0786,0.0736,0.2504,0.02,0.6146,0.005,1,ks.mean
0,1,Genre_45,0.1415,0.1338,0.3338,0.0231,0.6062,0.0077,1,ks.mean
0,1,Genre_46,0.058,0.0562,0.2232,0.0078,0.8635,0.0017,1,ks.mean
0,1,Genre_47,0.1158,0.0951,0.284,0.0727,0.1448,0.0206,0.9648,ks.mean
0,1,Genre_48,0.089,0.0853,0.2737,0.0136,0.7643,0.0037,1,ks.mean
0,1,Genre_49,0.0857,0.109,0.3082,0.0758,0.0743,0.0234,0.9075,ks.mean
0,1,Genre_50,0.0342,0.0276,0.164,0.0405,0.3667,0.0066,1,ks.mean
0,1,Genre_51,0.018,0.0139,0.1127,0.0366,0.4318,0.0041,1,ks.mean
0,1,Genre_52,0.1136,0.0934,0.2813,0.0721,0.1322,0.0203,0.9701,ks.mean
0,1,Genre_53,0.032,0.0306,0.1684,0.0088,0.8304,0.0015,1,ks.mean
0,1,Genre_54,0.0229,0.0243,0.1472,0.0093,0.7857,0.0014,1,ks.mean
0,1,Genre_55,0.0315,0.0298,0.1631,0.0106,0.7838,0.0017,1,ks.mean
0,1,Genre_56,0.0079,0.0044,0.063,0.0551,0.5078,0.0035,1,ks.mean
0,1,Genre_57,7e-04,0.0026,0.0484,0.0389,0.008,0.0019,1,ks.mean
0,1,Genre_58,0.0186,0.01,0.1027,0.0836,0.1802,0.0086,1,ks.mean
0,1,Genre_59,0.0172,0.0134,0.1111,0.034,0.4672,0.0038,1,ks.mean
0,1,Genre_60,0.0096,0.0025,0.0752,0.0949,0.1394,0.0071,1,ks.mean
0,1,Genre_61,2e-04,0.0017,0.0377,0.0408,0.0015,0.0015,1,ks.mean
0,1,Genre_62,3e-04,0.0012,0.0315,0.0287,0.0349,9e-04,1,ks.mean
0,1,Genre_63,0,2e-04,0.0084,0.0213,0.3173,2e-04,1,ks.mean
0,1,Genre_64,0.0022,3e-04,0.0253,0.0768,0.073,0.0019,1,ks.mean
0,1,Genre_65,0.0057,0.0075,0.0992,0.0182,0.5777,0.0018,1,ks.mean
0,1,Genre_66,0.0031,0.0021,0.0429,0.0231,0.6341,0.001,1,ks.mean
0,1,Genre_67,0.0033,0.0058,0.0881,0.0289,0.2516,0.0025,1,ks.mean
0,1,Genre_68,0.0093,0.0166,0.1477,0.0495,0.1741,0.0073,1,ks.mean
0,1,Genre_69,4e-04,2e-04,0.0119,0.022,0.5592,3e-04,1,ks.mean
0,2,pre_citCount,1.6948,1.7566,0.5503,0.1123,0.0074,0.0598,0.0399,ks.mean
0,2,firstyear:1980,0.0034,0.0019,0.0469,0.0313,0.1954,0.0015,0.1954,ks.mean
0,2,firstyear:1981,0.0021,0.0025,0.0512,0.008,NA,4e-04,NA,ks.mean
0,2,firstyear:1982,0.0048,0.0017,0.0589,0.0519,NA,0.0031,NA,ks.mean
0,2,firstyear:1983,0.0023,0.0015,0.0546,0.0152,NA,8e-04,NA,ks.mean
0,2,firstyear:1984,0.0079,0.0044,0.0865,0.0401,NA,0.0035,NA,ks.mean
0,2,firstyear:1985,0.0312,0.0268,0.1644,0.0265,NA,0.0044,NA,ks.mean
0,2,firstyear:1986,0.0315,0.0267,0.1629,0.0298,NA,0.0049,NA,ks.mean
0,2,firstyear:1987,0.0367,0.0304,0.1735,0.0366,NA,0.0063,NA,ks.mean
0,2,firstyear:1988,0.0353,0.0312,0.1738,0.0238,NA,0.0041,NA,ks.mean
0,2,firstyear:1989,0.044,0.0373,0.1916,0.0349,NA,0.0067,NA,ks.mean
0,2,firstyear:1990,0.0451,0.0385,0.1918,0.0347,NA,0.0066,NA,ks.mean
0,2,firstyear:1991,0.0405,0.0417,0.1956,0.0058,NA,0.0011,NA,ks.mean
0,2,firstyear:1992,0.0581,0.0529,0.2216,0.0235,NA,0.0052,NA,ks.mean
0,2,firstyear:1993,0.0604,0.059,0.2299,0.0058,NA,0.0013,NA,ks.mean
0,2,firstyear:1994,0.0499,0.0532,0.2246,0.0146,NA,0.0033,NA,ks.mean
0,2,firstyear:1995,0.0601,0.0536,0.2255,0.0288,NA,0.0065,NA,ks.mean
0,2,firstyear:1996,0.0554,0.0519,0.2144,0.0161,NA,0.0035,NA,ks.mean
0,2,firstyear:1997,0.0539,0.0574,0.2263,0.0155,NA,0.0035,NA,ks.mean
0,2,firstyear:1998,0.0544,0.0483,0.2159,0.0281,NA,0.0061,NA,ks.mean
0,2,firstyear:1999,0.0516,0.0522,0.2208,0.003,NA,7e-04,NA,ks.mean
0,2,firstyear:2000,0.0567,0.0487,0.2161,0.037,NA,0.008,NA,ks.mean
0,2,firstyear:2001,0.0463,0.0476,0.214,0.0059,NA,0.0013,NA,ks.mean
0,2,firstyear:2002,0.0408,0.0406,0.198,0.0013,NA,3e-04,NA,ks.mean
0,2,firstyear:2003,0.034,0.0361,0.1923,0.0108,NA,0.0021,NA,ks.mean
0,2,firstyear:2004,0.0221,0.0366,0.1848,0.0788,NA,0.0146,NA,ks.mean
0,2,firstyear:2005,0.0257,0.0313,0.1737,0.0325,NA,0.0056,NA,ks.mean
0,2,firstyear:2006,0.0192,0.0259,0.159,0.042,NA,0.0067,NA,ks.mean
0,2,firstyear:2007,0.0061,0.0227,0.1486,0.1119,NA,0.0166,NA,ks.mean
0,2,firstyear:2008,0.0144,0.0172,0.1305,0.0217,NA,0.0028,NA,ks.mean
0,2,firstyear:2009,0.0056,0.0115,0.108,0.0547,NA,0.0059,NA,ks.mean
0,2,firstyear:2010,0,0.0052,0.0742,0.0704,NA,0.0052,NA,ks.mean
0,2,firstyear:2011,5e-04,0.0029,0.0546,0.0438,NA,0.0024,NA,ks.mean
0,2,firstyear:2012,0,5e-04,0.0253,0.019,NA,5e-04,NA,ks.mean
0,2,Genre_0,0.001,8e-04,0.0206,0.013,0.8129,3e-04,1,ks.mean
0,2,Genre_1,0.0288,0.0254,0.1557,0.0219,0.5704,0.0034,1,ks.mean
0,2,Genre_2,0.055,0.0854,0.2743,0.111,0.002,0.0304,0.6912,ks.mean
0,2,Genre_3,0.0148,0.0361,0.175,0.1214,0,0.0213,0.9658,ks.mean
0,2,Genre_4,0.1162,0.1041,0.3022,0.0401,0.3692,0.0121,1,ks.mean
0,2,Genre_5,0.002,0.0011,0.0526,0.018,0.4514,9e-04,1,ks.mean
0,2,Genre_6,0.0094,0.004,0.096,0.0565,0.0419,0.0054,1,ks.mean
0,2,Genre_7,0.061,0.0654,0.2337,0.019,0.6812,0.0044,1,ks.mean
0,2,Genre_8,0.057,0.0628,0.2316,0.025,0.5745,0.0058,1,ks.mean
0,2,Genre_9,0.0376,0.0381,0.1833,0.0026,0.9509,5e-04,1,ks.mean
0,2,Genre_10,0.0306,0.0317,0.1715,0.0065,0.8746,0.0011,1,ks.mean
0,2,Genre_11,0.0359,0.0655,0.2345,0.126,0.0022,0.0295,0.7261,ks.mean
0,2,Genre_12,0,0,NA,NA,NA,0,1,ks.mean
0,2,Genre_13,0.0153,0.0367,0.1791,0.1195,0.0071,0.0214,0.9635,ks.mean
0,2,Genre_14,0.0298,0.0321,0.1656,0.0133,0.7729,0.0022,1,ks.mean
0,2,Genre_15,0.0588,0.0794,0.2541,0.0809,0.0442,0.0205,0.975,ks.mean
0,2,Genre_16,0.0017,0.0058,0.077,0.0531,0.0359,0.0041,1,ks.mean
0,2,Genre_17,0.0329,0.0605,0.2256,0.1224,0.0046,0.0276,0.798,ks.mean
0,2,Genre_18,0,3e-04,0.0253,0.0106,0.1626,3e-04,1,ks.mean
0,2,Genre_19,0.0123,0.0086,0.0985,0.0378,0.1501,0.0037,1,ks.mean
0,2,Genre_20,0.0314,0.0203,0.1562,0.0712,0.0351,0.0111,1,ks.mean
0,2,Genre_21,0.0543,0.0605,0.2277,0.0272,0.4981,0.0062,1,ks.mean
0,2,Genre_22,0.0212,0.0132,0.1334,0.0606,0.112,0.0081,1,ks.mean
0,2,Genre_23,0.0462,0.0362,0.1844,0.054,0.2406,0.01,1,ks.mean
0,2,Genre_24,0.0044,0.0021,0.0641,0.037,0.1808,0.0024,1,ks.mean
0,2,Genre_25,0.0203,0.0092,0.1224,0.0908,0.0489,0.0111,1,ks.mean
0,2,Genre_26,4e-04,2e-04,0.0146,0.0082,0.7824,1e-04,1,ks.mean
0,2,Genre_27,0.003,0.0012,0.0421,0.0425,0.5564,0.0018,1,ks.mean
0,2,Genre_28,0.0182,0.0146,0.1229,0.0293,0.3315,0.0036,1,ks.mean
0,2,Genre_29,0.1091,0.0938,0.2887,0.0529,0.1835,0.0153,0.9996,ks.mean
0,2,Genre_30,0.0018,6e-04,0.0469,0.027,0.1962,0.0013,1,ks.mean
0,2,Genre_31,0.004,0.0014,0.0476,0.0536,0.2026,0.0026,1,ks.mean
0,2,Genre_32,0.0051,0.0023,0.0571,0.0503,0.4059,0.0029,1,ks.mean
0,2,Genre_33,0.0034,8e-04,0.0607,0.0419,0.0739,0.0025,1,ks.mean
0,2,Genre_34,0.028,0.0177,0.1509,0.0684,0.0334,0.0103,1,ks.mean
0,2,Genre_35,0.0039,0.0026,0.0589,0.0219,0.5117,0.0013,1,ks.mean
0,2,Genre_36,0.0467,0.0385,0.1826,0.0452,0.124,0.0082,1,ks.mean
0,2,Genre_37,0.1188,0.0985,0.3073,0.0661,0.1332,0.0203,0.9776,ks.mean
0,2,Genre_38,0.0085,0.0123,0.1292,0.0295,0.3878,0.0038,1,ks.mean
0,2,Genre_39,0.025,0.0166,0.1606,0.0519,0.1701,0.0083,1,ks.mean
0,2,Genre_40,0.0458,0.0597,0.2332,0.0595,0.1859,0.0139,0.9999,ks.mean
0,2,Genre_41,0.007,0.0047,0.0904,0.025,0.4893,0.0023,1,ks.mean
0,2,Genre_42,0.0136,0.0046,0.1024,0.0883,0.1105,0.009,1,ks.mean
0,2,Genre_43,0.0123,0.0076,0.1207,0.039,0.1173,0.0047,1,ks.mean
0,2,Genre_44,0.0786,0.0598,0.2504,0.0753,0.1082,0.0189,0.9899,ks.mean
0,2,Genre_45,0.1415,0.1211,0.3338,0.0613,0.1932,0.0205,0.9758,ks.mean
0,2,Genre_46,0.058,0.0497,0.2232,0.0369,0.4389,0.0082,1,ks.mean
0,2,Genre_47,0.1158,0.0908,0.284,0.0879,0.0882,0.025,0.8847,ks.mean
0,2,Genre_48,0.089,0.0862,0.2737,0.0103,0.8244,0.0028,1,ks.mean
0,2,Genre_49,0.0857,0.1154,0.3082,0.0966,0.0279,0.0298,0.7173,ks.mean
0,2,Genre_50,0.0342,0.0257,0.164,0.0522,0.2629,0.0086,1,ks.mean
0,2,Genre_51,0.018,0.0096,0.1127,0.0747,0.1279,0.0084,1,ks.mean
0,2,Genre_52,0.1136,0.0793,0.2813,0.1221,0.0168,0.0344,0.5381,ks.mean
0,2,Genre_53,0.032,0.0258,0.1684,0.0371,0.3926,0.0063,1,ks.mean
0,2,Genre_54,0.0229,0.0146,0.1472,0.0569,0.1752,0.0084,1,ks.mean
0,2,Genre_55,0.0315,0.0241,0.1631,0.0454,0.2963,0.0074,1,ks.mean
0,2,Genre_56,0.0079,0.0021,0.063,0.0919,0.2776,0.0058,1,ks.mean
0,2,Genre_57,7e-04,8e-04,0.0484,0.0017,0.9162,1e-04,1,ks.mean
0,2,Genre_58,0.0186,0.0089,0.1027,0.0947,0.1324,0.0097,1,ks.mean
0,2,Genre_59,0.0172,0.0109,0.1111,0.0567,0.2432,0.0063,1,ks.mean
0,2,Genre_60,0.0096,0.006,0.0752,0.0482,0.4547,0.0036,1,ks.mean
0,2,Genre_61,2e-04,2e-04,0.0377,0.0012,0.8621,0,1,ks.mean
0,2,Genre_62,3e-04,7e-04,0.0315,0.0151,0.543,5e-04,1,ks.mean
0,2,Genre_63,0,0,0.0084,0,NA,0,1,ks.mean
0,2,Genre_64,0.0022,3e-04,0.0253,0.075,0.087,0.0019,1,ks.mean
0,2,Genre_65,0.0057,0.0105,0.0992,0.0482,0.1302,0.0048,1,ks.mean
0,2,Genre_66,0.0031,0.0011,0.0429,0.047,0.3364,0.002,1,ks.mean
0,2,Genre_67,0.0033,0.0079,0.0881,0.0528,0.0344,0.0046,1,ks.mean
0,2,Genre_68,0.0093,0.0249,0.1477,0.1051,7e-04,0.0155,0.9994,ks.mean
0,2,Genre_69,4e-04,0,0.0119,0.0353,0.3176,4e-04,1,ks.mean
0,3,pre_citCount,1.6948,1.7723,0.5503,0.1409,0.0018,0.0693,0.0194,ks.mean
0,3,firstyear:1980,0.0034,0.0049,0.0469,0.0325,0.2717,0.0015,0.2717,ks.mean
0,3,firstyear:1981,0.0021,0.0015,0.0512,0.0116,NA,6e-04,NA,ks.mean
0,3,firstyear:1982,0.0048,0.0021,0.0589,0.0445,NA,0.0026,NA,ks.mean
0,3,firstyear:1983,0.0023,0.0027,0.0546,0.0067,NA,4e-04,NA,ks.mean
0,3,firstyear:1984,0.0079,0.0052,0.0865,0.0312,NA,0.0027,NA,ks.mean
0,3,firstyear:1985,0.0312,0.0208,0.1644,0.0631,NA,0.0104,NA,ks.mean
0,3,firstyear:1986,0.0315,0.0256,0.1629,0.0364,NA,0.0059,NA,ks.mean
0,3,firstyear:1987,0.0367,0.0282,0.1735,0.049,NA,0.0085,NA,ks.mean
0,3,firstyear:1988,0.0353,0.0263,0.1738,0.0518,NA,0.009,NA,ks.mean
0,3,firstyear:1989,0.044,0.0381,0.1916,0.0305,NA,0.0058,NA,ks.mean
0,3,firstyear:1990,0.0451,0.0375,0.1918,0.04,NA,0.0077,NA,ks.mean
0,3,firstyear:1991,0.0405,0.0345,0.1956,0.0308,NA,0.006,NA,ks.mean
0,3,firstyear:1992,0.0581,0.051,0.2216,0.0318,NA,0.0071,NA,ks.mean
0,3,firstyear:1993,0.0604,0.059,0.2299,0.0058,NA,0.0013,NA,ks.mean
0,3,firstyear:1994,0.0499,0.0526,0.2246,0.0119,NA,0.0027,NA,ks.mean
0,3,firstyear:1995,0.0601,0.0564,0.2255,0.0166,NA,0.0037,NA,ks.mean
0,3,firstyear:1996,0.0554,0.0502,0.2144,0.0239,NA,0.0051,NA,ks.mean
0,3,firstyear:1997,0.0539,0.0545,0.2263,0.0027,NA,6e-04,NA,ks.mean
0,3,firstyear:1998,0.0544,0.0541,0.2159,0.0015,NA,3e-04,NA,ks.mean
0,3,firstyear:1999,0.0516,0.0528,0.2208,0.0055,NA,0.0012,NA,ks.mean
0,3,firstyear:2000,0.0567,0.055,0.2161,0.0082,NA,0.0018,NA,ks.mean
0,3,firstyear:2001,0.0463,0.0484,0.214,0.0095,NA,0.002,NA,ks.mean
0,3,firstyear:2002,0.0408,0.0397,0.198,0.006,NA,0.0012,NA,ks.mean
0,3,firstyear:2003,0.034,0.0382,0.1923,0.0218,NA,0.0042,NA,ks.mean
0,3,firstyear:2004,0.0221,0.0372,0.1848,0.0817,NA,0.0151,NA,ks.mean
0,3,firstyear:2005,0.0257,0.0323,0.1737,0.0379,NA,0.0066,NA,ks.mean
0,3,firstyear:2006,0.0192,0.029,0.159,0.0613,NA,0.0097,NA,ks.mean
0,3,firstyear:2007,0.0061,0.024,0.1486,0.1201,NA,0.0178,NA,ks.mean
0,3,firstyear:2008,0.0144,0.0174,0.1305,0.0233,NA,0.003,NA,ks.mean
0,3,firstyear:2009,0.0056,0.012,0.108,0.06,NA,0.0065,NA,ks.mean
0,3,firstyear:2010,0,0.0056,0.0742,0.0748,NA,0.0056,NA,ks.mean
0,3,firstyear:2011,5e-04,0.003,0.0546,0.0443,NA,0.0024,NA,ks.mean
0,3,firstyear:2012,0,4e-04,0.0253,0.0178,NA,4e-04,NA,ks.mean
0,3,Genre_0,0.001,0,0.0206,0.0507,0.3173,0.001,1,ks.mean
0,3,Genre_1,0.0288,0.0175,0.1557,0.0727,0.0534,0.0113,1,ks.mean
0,3,Genre_2,0.055,0.0849,0.2743,0.109,0.0059,0.0299,0.7818,ks.mean
0,3,Genre_3,0.0148,0.0284,0.175,0.0775,0.0282,0.0136,1,ks.mean
0,3,Genre_4,0.1162,0.1036,0.3022,0.0416,0.3716,0.0126,1,ks.mean
0,3,Genre_5,0.002,0.0028,0.0526,0.0156,0.6472,8e-04,1,ks.mean
0,3,Genre_6,0.0094,0.0049,0.096,0.0468,0.1343,0.0045,1,ks.mean
0,3,Genre_7,0.061,0.0566,0.2337,0.0185,0.7088,0.0043,1,ks.mean
0,3,Genre_8,0.057,0.0525,0.2316,0.0197,0.6822,0.0046,1,ks.mean
0,3,Genre_9,0.0376,0.0304,0.1833,0.0393,0.4023,0.0072,1,ks.mean
0,3,Genre_10,0.0306,0.0246,0.1715,0.0346,0.4314,0.0059,1,ks.mean
0,3,Genre_11,0.0359,0.0638,0.2345,0.1187,0.0105,0.0278,0.8488,ks.mean
0,3,Genre_12,0,0,NA,NA,NA,0,1,ks.mean
0,3,Genre_13,0.0153,0.0261,0.1791,0.0599,0.2087,0.0107,1,ks.mean
0,3,Genre_14,0.0298,0.0334,0.1656,0.0217,0.6703,0.0036,1,ks.mean
0,3,Genre_15,0.0588,0.0791,0.2541,0.0799,0.0778,0.0203,0.9887,ks.mean
0,3,Genre_16,0.0017,0.0069,0.077,0.0677,0.0264,0.0052,1,ks.mean
0,3,Genre_17,0.0329,0.0563,0.2256,0.1041,0.0304,0.0235,0.9531,ks.mean
0,3,Genre_18,0,7e-04,0.0253,0.029,0.3172,7e-04,1,ks.mean
0,3,Genre_19,0.0123,0.0021,0.0985,0.1035,0,0.0102,1,ks.mean
0,3,Genre_20,0.0314,0.0113,0.1562,0.1285,2e-04,0.0201,0.9901,ks.mean
0,3,Genre_21,0.0543,0.0512,0.2277,0.0139,0.7466,0.0032,1,ks.mean
0,3,Genre_22,0.0212,0.0069,0.1334,0.1072,0.004,0.0143,1,ks.mean
0,3,Genre_23,0.0462,0.0219,0.1844,0.1314,0.0071,0.0242,0.9395,ks.mean
0,3,Genre_24,0.0044,0.0044,0.0641,6e-04,0.9868,0,1,ks.mean
0,3,Genre_25,0.0203,0.0059,0.1224,0.1181,0.0089,0.0145,1,ks.mean
0,3,Genre_26,4e-04,0,0.0146,0.0247,0.3176,4e-04,1,ks.mean
0,3,Genre_27,0.003,0.0015,0.0421,0.0355,0.635,0.0015,1,ks.mean
0,3,Genre_28,0.0182,0.0072,0.1229,0.0895,0.0038,0.011,1,ks.mean
0,3,Genre_29,0.1091,0.0789,0.2887,0.1046,0.0162,0.0302,0.7718,ks.mean
0,3,Genre_30,0.0018,0,0.0469,0.0393,0.0204,0.0018,1,ks.mean
0,3,Genre_31,0.004,0.0022,0.0476,0.0372,0.4741,0.0018,1,ks.mean
0,3,Genre_32,0.0051,0.001,0.0571,0.0726,0.223,0.0041,1,ks.mean
0,3,Genre_33,0.0034,0.0021,0.0607,0.0211,0.4611,0.0013,1,ks.mean
0,3,Genre_34,0.028,0.0055,0.1509,0.1492,0,0.0225,0.9674,ks.mean
0,3,Genre_35,0.0039,0.0015,0.0589,0.04,0.2406,0.0024,1,ks.mean
0,3,Genre_36,0.0467,0.0081,0.1826,0.2117,0,0.0387,0.4669,ks.mean
0,3,Genre_37,0.1188,0.0852,0.3073,0.1092,0.0134,0.0336,0.6486,ks.mean
0,3,Genre_38,0.0085,0.0121,0.1292,0.0285,0.3467,0.0037,1,ks.mean
0,3,Genre_39,0.025,0.0202,0.1606,0.0293,0.4213,0.0047,1,ks.mean
0,3,Genre_40,0.0458,0.0502,0.2332,0.0188,0.6716,0.0044,1,ks.mean
0,3,Genre_41,0.007,0.0068,0.0904,0.0013,0.9727,1e-04,1,ks.mean
0,3,Genre_42,0.0136,0.002,0.1024,0.1131,0.037,0.0116,1,ks.mean
0,3,Genre_43,0.0123,0.006,0.1207,0.0523,0.0446,0.0063,1,ks.mean
0,3,Genre_44,0.0786,0.0545,0.2504,0.0964,0.039,0.0241,0.9415,ks.mean
0,3,Genre_45,0.1415,0.1394,0.3338,0.0064,0.8946,0.0021,1,ks.mean
0,3,Genre_46,0.058,0.0524,0.2232,0.0251,0.6062,0.0056,1,ks.mean
0,3,Genre_47,0.1158,0.0967,0.284,0.0672,0.2057,0.0191,0.9947,ks.mean
0,3,Genre_48,0.089,0.0904,0.2737,0.0052,0.9147,0.0014,1,ks.mean
0,3,Genre_49,0.0857,0.1248,0.3082,0.127,0.0045,0.0391,0.4507,ks.mean
0,3,Genre_50,0.0342,0.0193,0.164,0.0908,0.049,0.0149,0.9999,ks.mean
0,3,Genre_51,0.018,0.0077,0.1127,0.0909,0.0594,0.0102,1,ks.mean
0,3,Genre_52,0.1136,0.0847,0.2813,0.1026,0.0457,0.0289,0.8161,ks.mean
0,3,Genre_53,0.032,0.0314,0.1684,0.0039,0.9336,7e-04,1,ks.mean
0,3,Genre_54,0.0229,0.0154,0.1472,0.0513,0.2037,0.0076,1,ks.mean
0,3,Genre_55,0.0315,0.0104,0.1631,0.1296,0.0016,0.0211,0.9823,ks.mean
0,3,Genre_56,0.0079,0.0021,0.063,0.0917,0.2805,0.0058,1,ks.mean
0,3,Genre_57,7e-04,6e-04,0.0484,0.0039,0.7892,2e-04,1,ks.mean
0,3,Genre_58,0.0186,0.0078,0.1027,0.1051,0.097,0.0108,1,ks.mean
0,3,Genre_59,0.0172,0.0092,0.1111,0.0713,0.1452,0.0079,1,ks.mean
0,3,Genre_60,0.0096,0.0039,0.0752,0.0759,0.2517,0.0057,1,ks.mean
0,3,Genre_61,2e-04,0.0014,0.0377,0.0317,0.138,0.0012,1,ks.mean
0,3,Genre_62,3e-04,0,0.0315,0.0083,0.3177,3e-04,1,ks.mean
0,3,Genre_63,0,0,0.0084,0,NA,0,1,ks.mean
0,3,Genre_64,0.0022,0.0012,0.0253,0.0407,0.5156,0.001,1,ks.mean
0,3,Genre_65,0.0057,0.0098,0.0992,0.0406,0.2695,0.004,1,ks.mean
0,3,Genre_66,0.0031,0.0018,0.0429,0.0314,0.5105,0.0013,1,ks.mean
0,3,Genre_67,0.0033,0.0062,0.0881,0.0336,0.2561,0.003,1,ks.mean
0,3,Genre_68,0.0093,0.0218,0.1477,0.0841,0.0185,0.0124,1,ks.mean
0,3,Genre_69,4e-04,0,0.0119,0.0353,0.3176,4e-04,1,ks.mean
1,2,pre_citCount,1.7131,1.7566,0.5503,0.079,6e-04,0.0403,0.0052,ks.mean
1,2,firstyear:1980,0.0018,0.0019,0.0469,0.0037,0.9907,2e-04,0.9907,ks.mean
1,2,firstyear:1981,0.0028,0.0025,0.0512,0.0063,NA,3e-04,NA,ks.mean
1,2,firstyear:1982,0.0037,0.0017,0.0589,0.0339,NA,0.002,NA,ks.mean
1,2,firstyear:1983,0.0029,0.0015,0.0546,0.0264,NA,0.0014,NA,ks.mean
1,2,firstyear:1984,0.0076,0.0044,0.0865,0.0371,NA,0.0032,NA,ks.mean
1,2,firstyear:1985,0.0296,0.0268,0.1644,0.017,NA,0.0028,NA,ks.mean
1,2,firstyear:1986,0.0284,0.0267,0.1629,0.0108,NA,0.0018,NA,ks.mean
1,2,firstyear:1987,0.0336,0.0304,0.1735,0.0189,NA,0.0033,NA,ks.mean
1,2,firstyear:1988,0.032,0.0312,0.1738,0.0047,NA,8e-04,NA,ks.mean
1,2,firstyear:1989,0.0403,0.0373,0.1916,0.0156,NA,0.003,NA,ks.mean
1,2,firstyear:1990,0.0405,0.0385,0.1918,0.0109,NA,0.0021,NA,ks.mean
1,2,firstyear:1991,0.0425,0.0417,0.1956,0.0044,NA,9e-04,NA,ks.mean
1,2,firstyear:1992,0.0549,0.0529,0.2216,0.0093,NA,0.0021,NA,ks.mean
1,2,firstyear:1993,0.0572,0.059,0.2299,0.0081,NA,0.0019,NA,ks.mean
1,2,firstyear:1994,0.0548,0.0532,0.2246,0.0069,NA,0.0016,NA,ks.mean
1,2,firstyear:1995,0.0532,0.0536,0.2255,0.0018,NA,4e-04,NA,ks.mean
1,2,firstyear:1996,0.048,0.0519,0.2144,0.0181,NA,0.0039,NA,ks.mean
1,2,firstyear:1997,0.0543,0.0574,0.2263,0.0139,NA,0.0031,NA,ks.mean
1,2,firstyear:1998,0.0476,0.0483,0.2159,0.0034,NA,7e-04,NA,ks.mean
1,2,firstyear:1999,0.0512,0.0522,0.2208,0.0048,NA,0.0011,NA,ks.mean
1,2,firstyear:2000,0.0495,0.0487,0.2161,0.0033,NA,7e-04,NA,ks.mean
1,2,firstyear:2001,0.0462,0.0476,0.214,0.0065,NA,0.0014,NA,ks.mean
1,2,firstyear:2002,0.0389,0.0406,0.198,0.0088,NA,0.0017,NA,ks.mean
1,2,firstyear:2003,0.038,0.0361,0.1923,0.0098,NA,0.0019,NA,ks.mean
1,2,firstyear:2004,0.035,0.0366,0.1848,0.0089,NA,0.0016,NA,ks.mean
1,2,firstyear:2005,0.0314,0.0313,0.1737,7e-04,NA,1e-04,NA,ks.mean
1,2,firstyear:2006,0.0229,0.0259,0.159,0.0186,NA,0.003,NA,ks.mean
1,2,firstyear:2007,0.0212,0.0227,0.1486,0.0102,NA,0.0015,NA,ks.mean
1,2,firstyear:2008,0.0139,0.0172,0.1305,0.0251,NA,0.0033,NA,ks.mean
1,2,firstyear:2009,0.0098,0.0115,0.108,0.0152,NA,0.0016,NA,ks.mean
1,2,firstyear:2010,0.0035,0.0052,0.0742,0.0231,NA,0.0017,NA,ks.mean
1,2,firstyear:2011,0.0021,0.0029,0.0546,0.0147,NA,8e-04,NA,ks.mean
1,2,firstyear:2012,5e-04,5e-04,0.0253,0.0026,NA,1e-04,NA,ks.mean
1,2,Genre_0,4e-04,8e-04,0.0206,0.0188,0.4627,4e-04,1,ks.mean
1,2,Genre_1,0.0256,0.0254,0.1557,0.0015,0.9529,2e-04,1,ks.mean
1,2,Genre_2,0.078,0.0854,0.2743,0.0272,0.2135,0.0075,1,ks.mean
1,2,Genre_3,0.0228,0.0361,0.175,0.0761,0.0025,0.0133,0.9014,ks.mean
1,2,Genre_4,0.107,0.1041,0.3022,0.0095,0.6926,0.0029,1,ks.mean
1,2,Genre_5,0.0028,0.0011,0.0526,0.0337,0.0257,0.0018,1,ks.mean
1,2,Genre_6,0.0092,0.004,0.096,0.0549,4e-04,0.0053,1,ks.mean
1,2,Genre_7,0.0532,0.0654,0.2337,0.0524,0.0278,0.0122,0.9467,ks.mean
1,2,Genre_8,0.0499,0.0628,0.2316,0.0557,0.0158,0.0129,0.9206,ks.mean
1,2,Genre_9,0.0315,0.0381,0.1833,0.0358,0.0916,0.0066,1,ks.mean
1,2,Genre_10,0.0259,0.0317,0.1715,0.0337,0.1372,0.0058,1,ks.mean
1,2,Genre_11,0.0532,0.0655,0.2345,0.0523,0.0277,0.0123,0.9458,ks.mean
1,2,Genre_12,0,0,NA,NA,NA,0,1,ks.mean
1,2,Genre_13,0.0245,0.0367,0.1791,0.0682,0.0027,0.0122,0.9474,ks.mean
1,2,Genre_14,0.028,0.0321,0.1656,0.0248,0.2695,0.0041,1,ks.mean
1,2,Genre_15,0.0661,0.0794,0.2541,0.0524,0.0224,0.0133,0.9022,ks.mean
1,2,Genre_16,0.0046,0.0058,0.077,0.0149,0.4098,0.0011,1,ks.mean
1,2,Genre_17,0.0452,0.0605,0.2256,0.0675,0.0043,0.0152,0.7889,ks.mean
1,2,Genre_18,0.0011,3e-04,0.0253,0.0343,0.1339,9e-04,1,ks.mean
1,2,Genre_19,0.0101,0.0086,0.0985,0.0151,0.492,0.0015,1,ks.mean
1,2,Genre_20,0.0264,0.0203,0.1562,0.0393,0.0738,0.0061,1,ks.mean
1,2,Genre_21,0.0556,0.0605,0.2277,0.0216,0.3267,0.0049,1,ks.mean
1,2,Genre_22,0.0193,0.0132,0.1334,0.0459,0.0373,0.0061,1,ks.mean
1,2,Genre_23,0.0357,0.0362,0.1844,0.0029,0.8848,5e-04,1,ks.mean
1,2,Genre_24,0.0047,0.0021,0.0641,0.0404,0.0212,0.0026,1,ks.mean
1,2,Genre_25,0.0166,0.0092,0.1224,0.0607,0.0048,0.0074,1,ks.mean
1,2,Genre_26,3e-04,2e-04,0.0146,9e-04,0.9703,0,1,ks.mean
1,2,Genre_27,0.0017,0.0012,0.0421,0.0123,0.4475,5e-04,1,ks.mean
1,2,Genre_28,0.0161,0.0146,0.1229,0.0123,0.5712,0.0015,1,ks.mean
1,2,Genre_29,0.0898,0.0938,0.2887,0.0139,0.5229,0.004,1,ks.mean
1,2,Genre_30,0.0025,6e-04,0.0469,0.0413,0.0133,0.0019,1,ks.mean
1,2,Genre_31,0.0025,0.0014,0.0476,0.0236,0.2312,0.0011,1,ks.mean
1,2,Genre_32,0.0034,0.0023,0.0571,0.0203,0.3039,0.0012,1,ks.mean
1,2,Genre_33,0.0041,8e-04,0.0607,0.0543,3e-04,0.0033,1,ks.mean
1,2,Genre_34,0.0245,0.0177,0.1509,0.0454,0.0668,0.0068,1,ks.mean
1,2,Genre_35,0.0032,0.0026,0.0589,0.0098,0.5961,6e-04,1,ks.mean
1,2,Genre_36,0.0346,0.0385,0.1826,0.0215,0.3595,0.0039,1,ks.mean
1,2,Genre_37,0.1155,0.0985,0.3073,0.0553,0.057,0.017,0.6652,ks.mean
1,2,Genre_38,0.0187,0.0123,0.1292,0.0498,0.0688,0.0064,1,ks.mean
1,2,Genre_39,0.0289,0.0166,0.1606,0.0763,0.0031,0.0123,0.946,ks.mean
1,2,Genre_40,0.0631,0.0597,0.2332,0.0146,0.601,0.0034,1,ks.mean
1,2,Genre_41,0.0088,0.0047,0.0904,0.0452,0.0233,0.0041,1,ks.mean
1,2,Genre_42,0.0116,0.0046,0.1024,0.0685,1e-04,0.007,1,ks.mean
1,2,Genre_43,0.0155,0.0076,0.1207,0.0658,2e-04,0.0079,0.9998,ks.mean
1,2,Genre_44,0.0736,0.0598,0.2504,0.0553,0.061,0.0139,0.8735,ks.mean
1,2,Genre_45,0.1338,0.1211,0.3338,0.0382,0.1071,0.0128,0.9266,ks.mean
1,2,Genre_46,0.0562,0.0497,0.2232,0.0291,0.2054,0.0065,1,ks.mean
1,2,Genre_47,0.0951,0.0908,0.284,0.0152,0.513,0.0043,1,ks.mean
1,2,Genre_48,0.0853,0.0862,0.2737,0.0033,0.8859,9e-04,1,ks.mean
1,2,Genre_49,0.109,0.1154,0.3082,0.0208,0.3861,0.0064,1,ks.mean
1,2,Genre_50,0.0276,0.0257,0.164,0.0117,0.5942,0.0019,1,ks.mean
1,2,Genre_51,0.0139,0.0096,0.1127,0.0381,0.0925,0.0043,1,ks.mean
1,2,Genre_52,0.0934,0.0793,0.2813,0.0501,0.0471,0.0141,0.8601,ks.mean
1,2,Genre_53,0.0306,0.0258,0.1684,0.0283,0.2049,0.0048,1,ks.mean
1,2,Genre_54,0.0243,0.0146,0.1472,0.0663,0.0204,0.0098,0.9949,ks.mean
1,2,Genre_55,0.0298,0.0241,0.1631,0.0348,0.1724,0.0057,1,ks.mean
1,2,Genre_56,0.0044,0.0021,0.063,0.0368,0.0948,0.0023,1,ks.mean
1,2,Genre_57,0.0026,8e-04,0.0484,0.0373,0.0315,0.0018,1,ks.mean
1,2,Genre_58,0.01,0.0089,0.1027,0.0111,0.5619,0.0011,1,ks.mean
1,2,Genre_59,0.0134,0.0109,0.1111,0.0227,0.308,0.0025,1,ks.mean
1,2,Genre_60,0.0025,0.006,0.0752,0.0467,0.0018,0.0035,1,ks.mean
1,2,Genre_61,0.0017,2e-04,0.0377,0.0396,0.0028,0.0015,1,ks.mean
1,2,Genre_62,0.0012,7e-04,0.0315,0.0136,0.5985,4e-04,1,ks.mean
1,2,Genre_63,2e-04,0,0.0084,0.0213,0.3173,2e-04,1,ks.mean
1,2,Genre_64,3e-04,3e-04,0.0253,0.0018,0.9001,0,1,ks.mean
1,2,Genre_65,0.0075,0.0105,0.0992,0.03,0.132,0.003,1,ks.mean
1,2,Genre_66,0.0021,0.0011,0.0429,0.0239,0.3426,0.001,1,ks.mean
1,2,Genre_67,0.0058,0.0079,0.0881,0.0239,0.1828,0.0021,1,ks.mean
1,2,Genre_68,0.0166,0.0249,0.1477,0.0557,0.0306,0.0082,0.9997,ks.mean
1,2,Genre_69,2e-04,0,0.0119,0.0133,0.3173,2e-04,1,ks.mean
1,3,pre_citCount,1.7131,1.7723,0.5503,0.1076,1e-04,0.0509,0.0028,ks.mean
1,3,firstyear:1980,0.0018,0.0049,0.0469,0.0675,0.859,0.0032,0.859,ks.mean
1,3,firstyear:1981,0.0028,0.0015,0.0512,0.026,NA,0.0013,NA,ks.mean
1,3,firstyear:1982,0.0037,0.0021,0.0589,0.0264,NA,0.0016,NA,ks.mean
1,3,firstyear:1983,0.0029,0.0027,0.0546,0.0045,NA,2e-04,NA,ks.mean
1,3,firstyear:1984,0.0076,0.0052,0.0865,0.0281,NA,0.0024,NA,ks.mean
1,3,firstyear:1985,0.0296,0.0208,0.1644,0.0536,NA,0.0088,NA,ks.mean
1,3,firstyear:1986,0.0284,0.0256,0.1629,0.0175,NA,0.0028,NA,ks.mean
1,3,firstyear:1987,0.0336,0.0282,0.1735,0.0312,NA,0.0054,NA,ks.mean
1,3,firstyear:1988,0.032,0.0263,0.1738,0.0327,NA,0.0057,NA,ks.mean
1,3,firstyear:1989,0.0403,0.0381,0.1916,0.0112,NA,0.0022,NA,ks.mean
1,3,firstyear:1990,0.0405,0.0375,0.1918,0.0161,NA,0.0031,NA,ks.mean
1,3,firstyear:1991,0.0425,0.0345,0.1956,0.0411,NA,0.008,NA,ks.mean
1,3,firstyear:1992,0.0549,0.051,0.2216,0.0176,NA,0.0039,NA,ks.mean
1,3,firstyear:1993,0.0572,0.059,0.2299,0.0082,NA,0.0019,NA,ks.mean
1,3,firstyear:1994,0.0548,0.0526,0.2246,0.0096,NA,0.0022,NA,ks.mean
1,3,firstyear:1995,0.0532,0.0564,0.2255,0.014,NA,0.0032,NA,ks.mean
1,3,firstyear:1996,0.048,0.0502,0.2144,0.0104,NA,0.0022,NA,ks.mean
1,3,firstyear:1997,0.0543,0.0545,0.2263,0.001,NA,2e-04,NA,ks.mean
1,3,firstyear:1998,0.0476,0.0541,0.2159,0.03,NA,0.0065,NA,ks.mean
1,3,firstyear:1999,0.0512,0.0528,0.2208,0.0074,NA,0.0016,NA,ks.mean
1,3,firstyear:2000,0.0495,0.055,0.2161,0.0255,NA,0.0055,NA,ks.mean
1,3,firstyear:2001,0.0462,0.0484,0.214,0.0101,NA,0.0022,NA,ks.mean
1,3,firstyear:2002,0.0389,0.0397,0.198,0.0041,NA,8e-04,NA,ks.mean
1,3,firstyear:2003,0.038,0.0382,0.1923,0.0011,NA,2e-04,NA,ks.mean
1,3,firstyear:2004,0.035,0.0372,0.1848,0.0118,NA,0.0022,NA,ks.mean
1,3,firstyear:2005,0.0314,0.0323,0.1737,0.0047,NA,8e-04,NA,ks.mean
1,3,firstyear:2006,0.0229,0.029,0.159,0.0379,NA,0.006,NA,ks.mean
1,3,firstyear:2007,0.0212,0.024,0.1486,0.0184,NA,0.0027,NA,ks.mean
1,3,firstyear:2008,0.0139,0.0174,0.1305,0.0267,NA,0.0035,NA,ks.mean
1,3,firstyear:2009,0.0098,0.012,0.108,0.0204,NA,0.0022,NA,ks.mean
1,3,firstyear:2010,0.0035,0.0056,0.0742,0.0275,NA,0.002,NA,ks.mean
1,3,firstyear:2011,0.0021,0.003,0.0546,0.0152,NA,8e-04,NA,ks.mean
1,3,firstyear:2012,5e-04,4e-04,0.0253,0.0038,NA,1e-04,NA,ks.mean
1,3,Genre_0,4e-04,0,0.0206,0.0188,0.1614,4e-04,1,ks.mean
1,3,Genre_1,0.0256,0.0175,0.1557,0.0523,0.0278,0.0081,1,ks.mean
1,3,Genre_2,0.078,0.0849,0.2743,0.0253,0.3591,0.0069,1,ks.mean
1,3,Genre_3,0.0228,0.0284,0.175,0.0322,0.3243,0.0056,1,ks.mean
1,3,Genre_4,0.107,0.1036,0.3022,0.011,0.688,0.0033,1,ks.mean
1,3,Genre_5,0.0028,0.0028,0.0526,2e-04,0.9952,0,1,ks.mean
1,3,Genre_6,0.0092,0.0049,0.096,0.0452,0.032,0.0043,1,ks.mean
1,3,Genre_7,0.0532,0.0566,0.2337,0.0149,0.6158,0.0035,1,ks.mean
1,3,Genre_8,0.0499,0.0525,0.2316,0.011,0.7077,0.0025,1,ks.mean
1,3,Genre_9,0.0315,0.0304,0.1833,0.0062,0.8288,0.0011,1,ks.mean
1,3,Genre_10,0.0259,0.0246,0.1715,0.0074,0.7875,0.0013,1,ks.mean
1,3,Genre_11,0.0532,0.0638,0.2345,0.045,0.1588,0.0106,0.9989,ks.mean
1,3,Genre_12,0,0,NA,NA,NA,0,1,ks.mean
1,3,Genre_13,0.0245,0.0261,0.1791,0.0086,0.763,0.0015,1,ks.mean
1,3,Genre_14,0.028,0.0334,0.1656,0.0332,0.2895,0.0055,1,ks.mean
1,3,Genre_15,0.0661,0.0791,0.2541,0.0514,0.0976,0.0131,0.9824,ks.mean
1,3,Genre_16,0.0046,0.0069,0.077,0.0295,0.2344,0.0023,1,ks.mean
1,3,Genre_17,0.0452,0.0563,0.2256,0.0491,0.1199,0.0111,0.9977,ks.mean
1,3,Genre_18,0.0011,7e-04,0.0253,0.0159,0.6605,4e-04,1,ks.mean
1,3,Genre_19,0.0101,0.0021,0.0985,0.0807,0,0.008,1,ks.mean
1,3,Genre_20,0.0264,0.0113,0.1562,0.0966,0,0.0151,0.9359,ks.mean
1,3,Genre_21,0.0556,0.0512,0.2277,0.0194,0.4722,0.0044,1,ks.mean
1,3,Genre_22,0.0193,0.0069,0.1334,0.0924,0,0.0123,0.9907,ks.mean
1,3,Genre_23,0.0357,0.0219,0.1844,0.0745,0.0036,0.0137,0.9708,ks.mean
1,3,Genre_24,0.0047,0.0044,0.0641,0.0041,0.8984,3e-04,1,ks.mean
1,3,Genre_25,0.0166,0.0059,0.1224,0.088,0,0.0108,0.9986,ks.mean
1,3,Genre_26,3e-04,0,0.0146,0.0174,0.3173,3e-04,1,ks.mean
1,3,Genre_27,0.0017,0.0015,0.0421,0.0052,0.8336,2e-04,1,ks.mean
1,3,Genre_28,0.0161,0.0072,0.1229,0.0725,0.0014,0.0089,1,ks.mean
1,3,Genre_29,0.0898,0.0789,0.2887,0.0378,0.1758,0.0109,0.9982,ks.mean
1,3,Genre_30,0.0025,0,0.0469,0.0536,0,0.0025,1,ks.mean
1,3,Genre_31,0.0025,0.0022,0.0476,0.0073,0.8419,3e-04,1,ks.mean
1,3,Genre_32,0.0034,0.001,0.0571,0.0426,0.0106,0.0024,1,ks.mean
1,3,Genre_33,0.0041,0.0021,0.0607,0.0335,0.1319,0.002,1,ks.mean
1,3,Genre_34,0.0245,0.0055,0.1509,0.1262,0,0.019,0.7495,ks.mean
1,3,Genre_35,0.0032,0.0015,0.0589,0.0279,0.1573,0.0016,1,ks.mean
1,3,Genre_36,0.0346,0.0081,0.1826,0.1451,0,0.0265,0.3379,ks.mean
1,3,Genre_37,0.1155,0.0852,0.3073,0.0984,8e-04,0.0302,0.1979,ks.mean
1,3,Genre_38,0.0187,0.0121,0.1292,0.0508,0.0232,0.0066,1,ks.mean
1,3,Genre_39,0.0289,0.0202,0.1606,0.0537,0.0236,0.0086,1,ks.mean
1,3,Genre_40,0.0631,0.0502,0.2332,0.0552,0.0402,0.0129,0.9848,ks.mean
1,3,Genre_41,0.0088,0.0068,0.0904,0.0215,0.3604,0.0019,1,ks.mean
1,3,Genre_42,0.0116,0.002,0.1024,0.0934,0,0.0096,0.9998,ks.mean
1,3,Genre_43,0.0155,0.006,0.1207,0.0791,0,0.0095,0.9998,ks.mean
1,3,Genre_44,0.0736,0.0545,0.2504,0.0763,0.0088,0.0191,0.745,ks.mean
1,3,Genre_45,0.1338,0.1394,0.3338,0.0167,0.5256,0.0056,1,ks.mean
1,3,Genre_46,0.0562,0.0524,0.2232,0.0173,0.4902,0.0039,1,ks.mean
1,3,Genre_47,0.0951,0.0967,0.284,0.0055,0.8368,0.0016,1,ks.mean
1,3,Genre_48,0.0853,0.0904,0.2737,0.0187,0.4842,0.0051,1,ks.mean
1,3,Genre_49,0.109,0.1248,0.3082,0.0512,0.0434,0.0158,0.9112,ks.mean
1,3,Genre_50,0.0276,0.0193,0.164,0.0503,0.0158,0.0082,1,ks.mean
1,3,Genre_51,0.0139,0.0077,0.1127,0.0544,0.009,0.0061,1,ks.mean
1,3,Genre_52,0.0934,0.0847,0.2813,0.0306,0.2354,0.0086,1,ks.mean
1,3,Genre_53,0.0306,0.0314,0.1684,0.005,0.8581,8e-04,1,ks.mean
1,3,Genre_54,0.0243,0.0154,0.1472,0.0607,0.0204,0.0089,1,ks.mean
1,3,Genre_55,0.0298,0.0104,0.1631,0.1191,0,0.0194,0.7269,ks.mean
1,3,Genre_56,0.0044,0.0021,0.063,0.0366,0.1146,0.0023,1,ks.mean
1,3,Genre_57,0.0026,6e-04,0.0484,0.0429,0.0087,0.0021,1,ks.mean
1,3,Genre_58,0.01,0.0078,0.1027,0.0215,0.2913,0.0022,1,ks.mean
1,3,Genre_59,0.0134,0.0092,0.1111,0.0373,0.1047,0.0041,1,ks.mean
1,3,Genre_60,0.0025,0.0039,0.0752,0.019,0.3695,0.0014,1,ks.mean
1,3,Genre_61,0.0017,0.0014,0.0377,0.0091,0.7054,3e-04,1,ks.mean
1,3,Genre_62,0.0012,0,0.0315,0.0371,6e-04,0.0012,1,ks.mean
1,3,Genre_63,2e-04,0,0.0084,0.0213,0.3173,2e-04,1,ks.mean
1,3,Genre_64,3e-04,0.0012,0.0253,0.0361,0.4411,9e-04,1,ks.mean
1,3,Genre_65,0.0075,0.0098,0.0992,0.0223,0.4082,0.0022,1,ks.mean
1,3,Genre_66,0.0021,0.0018,0.0429,0.0083,0.7149,4e-04,1,ks.mean
1,3,Genre_67,0.0058,0.0062,0.0881,0.0048,0.8422,4e-04,1,ks.mean
1,3,Genre_68,0.0166,0.0218,0.1477,0.0346,0.2682,0.0051,1,ks.mean
1,3,Genre_69,2e-04,0,0.0119,0.0133,0.3173,2e-04,1,ks.mean
2,3,pre_citCount,1.7566,1.7723,0.5503,0.0286,0.3263,0.0231,0.6008,ks.mean
2,3,firstyear:1980,0.0019,0.0049,0.0469,0.0638,0.999,0.003,0.999,ks.mean
2,3,firstyear:1981,0.0025,0.0015,0.0512,0.0197,NA,0.001,NA,ks.mean
2,3,firstyear:1982,0.0017,0.0021,0.0589,0.0074,NA,4e-04,NA,ks.mean
2,3,firstyear:1983,0.0015,0.0027,0.0546,0.0219,NA,0.0012,NA,ks.mean
2,3,firstyear:1984,0.0044,0.0052,0.0865,0.0089,NA,8e-04,NA,ks.mean
2,3,firstyear:1985,0.0268,0.0208,0.1644,0.0366,NA,0.006,NA,ks.mean
2,3,firstyear:1986,0.0267,0.0256,0.1629,0.0066,NA,0.0011,NA,ks.mean
2,3,firstyear:1987,0.0304,0.0282,0.1735,0.0124,NA,0.0022,NA,ks.mean
2,3,firstyear:1988,0.0312,0.0263,0.1738,0.028,NA,0.0049,NA,ks.mean
2,3,firstyear:1989,0.0373,0.0381,0.1916,0.0044,NA,8e-04,NA,ks.mean
2,3,firstyear:1990,0.0385,0.0375,0.1918,0.0053,NA,0.001,NA,ks.mean
2,3,firstyear:1991,0.0417,0.0345,0.1956,0.0367,NA,0.0072,NA,ks.mean
2,3,firstyear:1992,0.0529,0.051,0.2216,0.0083,NA,0.0018,NA,ks.mean
2,3,firstyear:1993,0.059,0.059,0.2299,1e-04,NA,0,NA,ks.mean
2,3,firstyear:1994,0.0532,0.0526,0.2246,0.0027,NA,6e-04,NA,ks.mean
2,3,firstyear:1995,0.0536,0.0564,0.2255,0.0122,NA,0.0027,NA,ks.mean
2,3,firstyear:1996,0.0519,0.0502,0.2144,0.0078,NA,0.0017,NA,ks.mean
2,3,firstyear:1997,0.0574,0.0545,0.2263,0.0129,NA,0.0029,NA,ks.mean
2,3,firstyear:1998,0.0483,0.0541,0.2159,0.0266,NA,0.0057,NA,ks.mean
2,3,firstyear:1999,0.0522,0.0528,0.2208,0.0025,NA,6e-04,NA,ks.mean
2,3,firstyear:2000,0.0487,0.055,0.2161,0.0288,NA,0.0062,NA,ks.mean
2,3,firstyear:2001,0.0476,0.0484,0.214,0.0036,NA,8e-04,NA,ks.mean
2,3,firstyear:2002,0.0406,0.0397,0.198,0.0047,NA,9e-04,NA,ks.mean
2,3,firstyear:2003,0.0361,0.0382,0.1923,0.0109,NA,0.0021,NA,ks.mean
2,3,firstyear:2004,0.0366,0.0372,0.1848,0.0029,NA,5e-04,NA,ks.mean
2,3,firstyear:2005,0.0313,0.0323,0.1737,0.0054,NA,9e-04,NA,ks.mean
2,3,firstyear:2006,0.0259,0.029,0.159,0.0193,NA,0.0031,NA,ks.mean
2,3,firstyear:2007,0.0227,0.024,0.1486,0.0082,NA,0.0012,NA,ks.mean
2,3,firstyear:2008,0.0172,0.0174,0.1305,0.0016,NA,2e-04,NA,ks.mean
2,3,firstyear:2009,0.0115,0.012,0.108,0.0053,NA,6e-04,NA,ks.mean
2,3,firstyear:2010,0.0052,0.0056,0.0742,0.0044,NA,3e-04,NA,ks.mean
2,3,firstyear:2011,0.0029,0.003,0.0546,5e-04,NA,0,NA,ks.mean
2,3,firstyear:2012,5e-04,4e-04,0.0253,0.0012,NA,0,NA,ks.mean
2,3,Genre_0,8e-04,0,0.0206,0.0376,0.0836,8e-04,1,ks.mean
2,3,Genre_1,0.0254,0.0175,0.1557,0.0508,0.0832,0.0079,1,ks.mean
2,3,Genre_2,0.0854,0.0849,0.2743,0.002,0.9403,5e-04,1,ks.mean
2,3,Genre_3,0.0361,0.0284,0.175,0.0439,0.0976,0.0077,1,ks.mean
2,3,Genre_4,0.1041,0.1036,0.3022,0.0015,0.9615,5e-04,1,ks.mean
2,3,Genre_5,0.0011,0.0028,0.0526,0.0336,0.2277,0.0018,1,ks.mean
2,3,Genre_6,0.004,0.0049,0.096,0.0097,0.641,9e-04,1,ks.mean
2,3,Genre_7,0.0654,0.0566,0.2337,0.0375,0.1587,0.0088,1,ks.mean
2,3,Genre_8,0.0628,0.0525,0.2316,0.0447,0.0791,0.0104,0.9998,ks.mean
2,3,Genre_9,0.0381,0.0304,0.1833,0.0419,0.1158,0.0077,1,ks.mean
2,3,Genre_10,0.0317,0.0246,0.1715,0.0411,0.0767,0.007,1,ks.mean
2,3,Genre_11,0.0655,0.0638,0.2345,0.0073,0.7982,0.0017,1,ks.mean
2,3,Genre_12,0,0,NA,NA,NA,0,1,ks.mean
2,3,Genre_13,0.0367,0.0261,0.1791,0.0596,0.0132,0.0107,0.9996,ks.mean
2,3,Genre_14,0.0321,0.0334,0.1656,0.0084,0.7763,0.0014,1,ks.mean
2,3,Genre_15,0.0794,0.0791,0.2541,0.001,0.9735,2e-04,1,ks.mean
2,3,Genre_16,0.0058,0.0069,0.077,0.0146,0.5479,0.0011,1,ks.mean
2,3,Genre_17,0.0605,0.0563,0.2256,0.0184,0.5005,0.0041,1,ks.mean
2,3,Genre_18,3e-04,7e-04,0.0253,0.0184,0.539,5e-04,1,ks.mean
2,3,Genre_19,0.0086,0.0021,0.0985,0.0657,1e-04,0.0065,1,ks.mean
2,3,Genre_20,0.0203,0.0113,0.1562,0.0574,0.0295,0.009,1,ks.mean
2,3,Genre_21,0.0605,0.0512,0.2277,0.041,0.1351,0.0093,1,ks.mean
2,3,Genre_22,0.0132,0.0069,0.1334,0.0466,0.0644,0.0062,1,ks.mean
2,3,Genre_23,0.0362,0.0219,0.1844,0.0774,0.0039,0.0143,0.9782,ks.mean
2,3,Genre_24,0.0021,0.0044,0.0641,0.0364,0.2497,0.0023,1,ks.mean
2,3,Genre_25,0.0092,0.0059,0.1224,0.0273,0.2655,0.0033,1,ks.mean
2,3,Genre_26,2e-04,0,0.0146,0.0165,0.3173,2e-04,1,ks.mean
2,3,Genre_27,0.0012,0.0015,0.0421,0.0071,0.7763,3e-04,1,ks.mean
2,3,Genre_28,0.0146,0.0072,0.1229,0.0602,0.0093,0.0074,1,ks.mean
2,3,Genre_29,0.0938,0.0789,0.2887,0.0516,0.0621,0.0149,0.9671,ks.mean
2,3,Genre_30,6e-04,0,0.0469,0.0123,0.3172,6e-04,1,ks.mean
2,3,Genre_31,0.0014,0.0022,0.0476,0.0164,0.6602,8e-04,1,ks.mean
2,3,Genre_32,0.0023,0.001,0.0571,0.0223,0.2757,0.0013,1,ks.mean
2,3,Genre_33,8e-04,0.0021,0.0607,0.0208,0.3318,0.0013,1,ks.mean
2,3,Genre_34,0.0177,0.0055,0.1509,0.0808,0.0046,0.0122,0.9966,ks.mean
2,3,Genre_35,0.0026,0.0015,0.0589,0.0181,0.4107,0.0011,1,ks.mean
2,3,Genre_36,0.0385,0.0081,0.1826,0.1665,0,0.0304,0.2596,ks.mean
2,3,Genre_37,0.0985,0.0852,0.3073,0.0431,0.2539,0.0132,0.9903,ks.mean
2,3,Genre_38,0.0123,0.0121,0.1292,0.001,0.9755,1e-04,1,ks.mean
2,3,Genre_39,0.0166,0.0202,0.1606,0.0226,0.4687,0.0036,1,ks.mean
2,3,Genre_40,0.0597,0.0502,0.2332,0.0407,0.2457,0.0095,1,ks.mean
2,3,Genre_41,0.0047,0.0068,0.0904,0.0237,0.3663,0.0021,1,ks.mean
2,3,Genre_42,0.0046,0.002,0.1024,0.0248,0.1468,0.0025,1,ks.mean
2,3,Genre_43,0.0076,0.006,0.1207,0.0133,0.5159,0.0016,1,ks.mean
2,3,Genre_44,0.0598,0.0545,0.2504,0.021,0.5835,0.0053,1,ks.mean
2,3,Genre_45,0.1211,0.1394,0.3338,0.0549,0.0678,0.0183,0.8525,ks.mean
2,3,Genre_46,0.0497,0.0524,0.2232,0.0118,0.6818,0.0026,1,ks.mean
2,3,Genre_47,0.0908,0.0967,0.284,0.0207,0.4848,0.0059,1,ks.mean
2,3,Genre_48,0.0862,0.0904,0.2737,0.0155,0.5886,0.0042,1,ks.mean
2,3,Genre_49,0.1154,0.1248,0.3082,0.0304,0.2725,0.0094,1,ks.mean
2,3,Genre_50,0.0257,0.0193,0.164,0.0386,0.1141,0.0063,1,ks.mean
2,3,Genre_51,0.0096,0.0077,0.1127,0.0162,0.5324,0.0018,1,ks.mean
2,3,Genre_52,0.0793,0.0847,0.2813,0.0195,0.5339,0.0055,1,ks.mean
2,3,Genre_53,0.0258,0.0314,0.1684,0.0333,0.2821,0.0056,1,ks.mean
2,3,Genre_54,0.0146,0.0154,0.1472,0.0056,0.8749,8e-04,1,ks.mean
2,3,Genre_55,0.0241,0.0104,0.1631,0.0843,0.0038,0.0137,0.9853,ks.mean
2,3,Genre_56,0.0021,0.0021,0.063,2e-04,0.9938,0,1,ks.mean
2,3,Genre_57,8e-04,6e-04,0.0484,0.0056,0.7475,3e-04,1,ks.mean
2,3,Genre_58,0.0089,0.0078,0.1027,0.0104,0.6341,0.0011,1,ks.mean
2,3,Genre_59,0.0109,0.0092,0.1111,0.0146,0.5827,0.0016,1,ks.mean
2,3,Genre_60,0.006,0.0039,0.0752,0.0277,0.2088,0.0021,1,ks.mean
2,3,Genre_61,2e-04,0.0014,0.0377,0.0305,0.1588,0.0011,1,ks.mean
2,3,Genre_62,7e-04,0,0.0315,0.0235,0.3171,7e-04,1,ks.mean
2,3,Genre_63,0,0,0.0084,0,NA,0,1,ks.mean
2,3,Genre_64,3e-04,0.0012,0.0253,0.0343,0.4725,9e-04,1,ks.mean
2,3,Genre_65,0.0105,0.0098,0.0992,0.0077,0.7683,8e-04,1,ks.mean
2,3,Genre_66,0.0011,0.0018,0.0429,0.0157,0.5064,7e-04,1,ks.mean
2,3,Genre_67,0.0079,0.0062,0.0881,0.0191,0.4215,0.0017,1,ks.mean
2,3,Genre_68,0.0249,0.0218,0.1477,0.021,0.3956,0.0031,1,ks.mean
2,3,Genre_69,0,0,0.0119,0,NA,0,1,ks.mean
